label,message
GeneralInquiry,Do you recycle tetrapaks?
ServiceComplaint,"absolutely disgusting service, bins left open and rubbish everywhere on the street, sort your lazy workers out"
MissedCollection,Again missed my place – 21 Cloverfield. Getting tired of this.
MissedCollection,Why do you keep missing our address?
PositiveFeedback,Love your service! Always prompt and the staff are lovely.
MissedCollection,Missed pickup again. This is the second time this month. Not sure what’s going on but it’s getting a bit annoying.
GeneralInquiry,What bin should lightbulbs go into? Or do I need to dispose of them differently?
PositiveFeedback,Your drivers are always courteous and hardworking!!! Great service every time. 😊
GeneralInquiry,Can I recycle aluminum foil?
DamagedProperty,Your truck damaged my front garden wall on last collection day. There's a big crack now. Please contact me to arrange repair.
GeneralInquiry,¿Recogen basura electrónica como móviles viejos?
PositiveFeedback,Top notch service.
GeneralInquiry,When does the new garden waste subscription start for 2026? And how much is it?
MissedCollection,"heyy, not tryna be a pain but our bin got LEFT behind againn. this is the 2nd week runnin and i aint sure why. we put it out sunday night like the leaflet says, no food bits inside coz we got separate caddy. live at 3 meadow drive, yeovil. can u pls sort a pickup cause its overflowing and the foxes are making a right mess. my partner reckons the crew might have skipped cos the lid was slightly open but honestly it's just because the cardboard doesn't bend, everything else is within limits. the neighbour’s bin was way worse and they still took theirs. if it's some rule we don't know about can you drop us a note, we're happy to follow. till then appreciate a quick fix before our tiny front garden turns into mount recycling."
PositiveFeedback,The team on the Somerset route are always so polite and helpful. Cheers!
ServiceComplaint,"they slam the bins down on the path, so loud"
ServiceComplaint,They didn't put the bins back where they found them. Left them blocking the path.
MissedCollection,bin not emptied AGAIN. second week running. whats going on greenbin???
ServiceComplaint,"Why do your staff keep leaving stickers and notes with conflicting instructions? One week it says ‘lid must be shut’, the next it says ‘do not compact cardboard’, the next it says ‘bin too heavy’ when it’s nowhere near full. It’s chaos. I’m in Langport and I’m tired of guessing what rule will pop up next. If there are real limits (weight, materials), publish them clearly and apply them consistently. Right now it feels arbitrary and frankly a bit power-trippy. I want a clear, updated guidance document and I want crews instructed to stop leaving nonsense notes that contradict each other."
DamagedProperty,My bin was crushed by the truck.
MissedCollection,bin not emptied. neighbours were. no idea why. pls fix.
ServiceComplaint,The driver threw rubbish all over our driveway yesterday morning. Made a terrible mess and didn't bother to clean it up
GeneralInquiry,Do you collect on bank holidays or is it postponed?
DamagedProperty,Bin men broke my gate again. This needs repairing.
GeneralInquiry,Hi can I sign up for the garden waste collection service please?
ServiceComplaint,staff ignored me when I waved them down
ServiceComplaint,poor service standard declining rapidly. Used to be great now its just awful.
MissedCollection,"Missed collection yet again at my address in Taunton. Before you reply with ‘bin not presented’, it WAS presented. I even put it in the exact spot your last call handler told me to, which is ridiculous because it’s my driveway and I can place my bin where I like. It’s now overflowing with cardboard from Christmas deliveries and I’m not storing it indoors because you can’t manage a basic route. Also, your online form has no proper tracking number, so I have zero confidence this goes anywhere. Please arrange a return collection and stop treating paying residents like we’re lying. I’ve already taken time off work once to deal with this nonsense."
PositiveFeedback,Your team were brilliant during the bad weather last week. Cheers!
GeneralInquiry,what happens to the plastic after you collect it? i'm doing a school project and would love to know more about the recycling process in somerset. do you have any leaflets or info on your website?
GeneralInquiry,Can businesses use GreenBin Recycling services too?
MissedCollection,"Hi, our recycling wasn't collected this morning on Runaway Road. Is there a delay?"
ServiceComplaint,Your collectors are always leaving the bins in the middle of the driveway. Very inconsiderate. Please train them properly.
ServiceComplaint,your drivers are absolutely rude! !!  they threw my bin back down and left rubbish all over my drive. this is unacceptable
GeneralInquiry,can u recycle bubble wrap
MissedCollection,Entire block skipped? All bins left out.
GeneralInquiry,Hi there—do you recycle hard plastics like toy fragments and garden pipe? Please advise before I put them out.
ServiceComplaint,The collectors threw my bin so hard it rolled down the street. Totally unprofessional. Please train your staff properly.
MissedCollection,Recycling not collected today. Bin was out since 6am. Getting a bit fed up now.
MissedCollection,no collection this tuesday???  calendar says it should of been collected
GeneralInquiry,Can you collect from my flat?
ServiceComplaint,I waited in all day because you said there was an issue and nobody came.
MissedCollection,my recycling bin not picked up for 3 weeks. fix it
ServiceComplaint,"the men dont put the bins back, always in the road"
GeneralInquiry,do you recycle batteries or electrical items?
GeneralInquiry,hi do you take old batteries? and where do i leave them if i have some?
GeneralInquiry,Do you offer extra bins for larger households?
DamagedProperty,Your lorry took out my wing mirror this morning. Silver truck reg ending in KX58. I have photos.
DamagedProperty,Massive dent in my wheelie bin after collection last week. Looks like it was run over.
GeneralInquiry,Do you take styrofoam/polystyrene?
GeneralInquiry,Can you tell me what items are allowed in the green recycling bin?
PositiveFeedback,"Top notch service from GreenBin, keep it up lads you're doing brilliant work!"
PositiveFeedback,Thank you for the consistent reliable service throughout the year. Even during the bad weather you kept collecting.  Much appreciated.
PositiveFeedback,"Very happy customer here. Collections always on schedule, bins returned properly. Thank you for making recycling easy!"
PositiveFeedback,"Love the text reminders, makes life easier."
GeneralInquiry,"rules for recycling plastics, plz"
MissedCollection,"Hello Team, Our black bin was not collected yesterday as scheduled. It is now overflowing. Could someone come today or tomorrow please?"
PositiveFeedback,"awesome work, thanks for helping the planet"
GeneralInquiry,can i put shredded paper in the green bag? thx
ServiceComplaint,"Very disappointed. Website says one thing, actual service does another."
DamagedProperty,This message is to report property damage caused during a recycling collection. The bin was mishandled and caused damage to a parked bicycle on my driveway. Please advise on next steps for claiming repair costs.
MissedCollection,bin still not collected...  supposed to be 3 days ago
GeneralInquiry,"Do you accept waste from small home renovations, like old tiles or bricks?"
ServiceComplaint,The collector refused to take my recycling without explaining why. Felt really abrupt.
ServiceComplaint,could you retrain some of your drivers on bin handling?
ServiceComplaint,Driver broke my gate while reversing the truck. No apology or offer to fix it.  Demands for compensation ignored.
ServiceComplaint,The staff on the phone were dismissive and unhelpful.
GeneralInquiry,Can we put large boxes by our bin for collection?
GeneralInquiry,How do I report a damaged bin?
DamagedProperty,one of your guys smashed my garden light when collecting bin today
DamagedProperty,Found bin with cracked lid after last collect
DamagedProperty,collection truck damaged our fence 😤 who do i speak to?
GeneralInquiry,CAN I RECYCLE COFFEE PODS IN MY GREEN BOX?? IVE HEARD CONFLICTING THINGS AND DONT WANT TO CONTAMINATE THE LOAD. THANKS.
ServiceComplaint,The staff at the Somerset depot were incredibly rude to my elderly mother when she tried to drop off some cardboard. Truly pathetic behavior.
DamagedProperty,The bin was dropped from height and now it's cracked all over. Not good enough.
DamagedProperty,bin lid smashed after being dropped by one of your guys. bin no good anymore
ServiceComplaint,no response to last five emails
ServiceComplaint,I’m not impressed with the new collection times. Too late.
MissedCollection,COLLECTION NOT DONE.  IVE BEEN WAITING 2 WEEKS NOW
MissedCollection,"I’ve searched FAQs, no mention of service disruption in Somerset. Yet no pick-up. What gives?"
MissedCollection,"I’m disappointed that my recycling wasn’t collected again. I rang customer service last week and was promised a catch-up, but nothing happened. My bins are overflowing and attracting pests. Please escalate this."
DamagedProperty,"Your truck reversed into my parked car in Yeovil and drove off. I’m shaking with anger. It scraped the bumper and left blue paint marks, and I have it on my neighbour’s camera. This isn’t a “minor scuff” when it’s my insurance premium and my time. The crew didn’t leave a note, didn’t knock, nothing. That’s a hit-and-run in my book. I want a call from your manager TODAY and details of your insurance process. I will provide the footage and the time stamp (08:03). Do not try to deny it because I have the evidence. If I don’t hear back, I’ll report it to the police and Somerset Council."
ServiceComplaint,Why is the recycling centre closed at 3pm on a Saturday? That's the only time people can actually get there. Totally useless service.
DamagedProperty,"Hi team, yesterday your driver backed up into our garden wall, leaving a five-foot crack. I called the office, but they just said someone would ring me back. No callback yet."
GeneralInquiry,What day is my bin collection next week due to the bank holiday?
MissedCollection,my collection keeps getting missed. fed up now.
DamagedProperty,Your rubbish truck cracked our driveway pavement last Friday. It needs repairs!
GeneralInquiry,Can you guys recycle lightbulbs? Not sure if they go in the glass box or not.
MissedCollection,"my green bin wasnt emptied again today, third time this month. street is chaos. pls fix."
MissedCollection,"yet AGAIN my recycling was not collected today. this is the third time in a month and i am honestly sick of it. i put the bin out the night before like i am supposed to, lid fully closed, nothing blocking it, neighbours bins all gone except mine. explain that?? i watched the truck go past and they didnt even slow down. i then had to drag the bin back up my drive in the rain. do you think i have nothing better to do? i pay council tax like everyone else and expect the service advertised. if there is some rule you have suddenly invented, maybe communicate it instead of assuming we are mind readers. i now have two weeks of rubbish sitting there attracting flies and smelling disgusting. sort this out immediately and collect it asap, not next week, today."
DamagedProperty,Fence dented by lorry.
DamagedProperty,The collection crew scuffed my garage door with the trolley.
ServiceComplaint,Communication breakdown between service and residents.
DamagedProperty,Recycling box crushed flat 😡
ServiceComplaint,"Driver was speeding down our lane and scared my dog half to death, not impressed."
ServiceComplaint,"The bin men left all the glass on the street last Friday, was a right mess. Dangerous for kids. Sort it please."
PositiveFeedback,The quality of GreenBin is top-notch. Best bin-collecting co. ever!!
DamagedProperty,My bin lid was cracked after your last collection. It won't close properly now.
MissedCollection,"bin not collected AGAIN!!! whats going on??? this is ridiculous. i put it out early, didnt overfill, lid shut. you lot just drove past. dont tell me its my fault because it isnt. ive got bags piling up and nowhere to put them. sort. it. out."
GeneralInquiry,How long for replacement?
PositiveFeedback,"great service today, thanks for being so quick!"
MissedCollection,i am so tired of this. every other week the bin is missed and every other week i have to write one of these stupid messages. i shouldn’t have to beg you to do what you’re paid to do. sort it out. seriously.
DamagedProperty,gate no longer closes after crew
MissedCollection,Nobody came to collect our recycling again. This is becoming a pattern.
DamagedProperty,Bin lid is completely broken.  Got smashed during last collection.  I need a replacement urgently
PositiveFeedback,Thanks for replacing my bin so fast!
GeneralInquiry,what days are recycling picked up in somerset? just moved here
DamagedProperty,"La semana pasada su camión chocó contra mi cerca de madera y ahora está partida. Necesito que la reparen pronto porque mis perros pueden escapar. Vivo en 9 Willow Close, Taunton. Tengo fotos y los vecinos vieron el impacto. Por favor indíquenme el procedimiento para reclamar los daños y el plazo estimado de reparación."
ServiceComplaint,The online form keeps crashing when I submit.
ServiceComplaint,Why is it so hard to get a hold of someone on the phone? I've been on hold for 15 minutes just to ask a simple question. Your automated system is frustrating and keeps looping. I just want to speak to a human being about my service issues.
MissedCollection,where was the truck today?? missed recycling collection
PositiveFeedback,"Always a reliable service, even in the snow! Thank you to the hard-working crews."
GeneralInquiry,How do I report a missed collection?
ServiceComplaint,"I rarely complain, but GreenBin Recycling has pushed me to do so. The service has declined noticeably over the past year. Collections are inconsistent, information is unclear, and customer queries take far too long to be answered. I feel like residents are being taken for granted. This is not the standard we were promised. I would like to know what is being done to improve reliability, because at the moment it feels like no one is accountable."
GeneralInquiry,paper or plastic bags for waste?
GeneralInquiry,Do you collect food waste separately?
ServiceComplaint,"Repeat problem, no one seems to care"
MissedCollection,"I have children and limited space, and missed collections are a serious problem for us. The smell and mess are affecting our home. Please treat this as urgent because it cannot wait another two weeks."
PositiveFeedback,Thanks for collecting even though the road was icy. Top job.
DamagedProperty,The recycling collection this week caused damage to our fence. Looks like the lorry got too close and pushed the panels over. This is the second time this has happened in six months. Please can you investigate? Address: 19 Oakfield Crescent.
PositiveFeedback,thanks for coming back for my missed bin so quickly. great service.
ServiceComplaint,The bins are emptied into the truck too noisily—it's so annoying and disruptive 💤.
MissedCollection,no bin collection. all bins full on street
ServiceComplaint,The new sorting rules are confusing and frankly a waste of my time.
GeneralInquiry,what happens if I miss bin collection day? can i put it out next time?
DamagedProperty,"Recycling box smashed, need a replacement."
MissedCollection,bin not emptied. first time in ages but still annoying.
ServiceComplaint,Bins were left open after collection allowing contents to spill everywhere. Very poor standard of service
ServiceComplaint,old bin never replaced
ServiceComplaint,Found glass in my driveway after you left
DamagedProperty,Your careless workers dented my bloody car while emptying the bin. Pay up you idiots!
ServiceComplaint,"Dear Sir or Madam, I wish to express dissatisfaction with the repeated late arrivals of your recycling vehicle on Eastover. The published window is 7:00–9:00, yet during the last three collections the truck has not turned up until after midday. This causes traffic congestion because parents park for the primary school pickup at 3 p.m., forcing the lorry to idle in the road, horns blaring. Please either adjust the timetable or ensure punctuality, as the current situation is distressing to residents and dangerous for children crossing. I have documented times and photographs should you require evidence."
MissedCollection,No collection for whole lane
DamagedProperty,Recycling crew knocked over our fence panel 😕
DamagedProperty,Your vehicle damaged my fence post when maneuvering to collect the bin. It needs replacing.
DamagedProperty,The bin collection caused a crack in our patio slabs yesterday. The driver reversed too quickly and caught the edge. Please can someone come and inspect the damage?
MissedCollection,Missed bin today.
DamagedProperty,"I think my wall was hit during the last pick-up, can you check the cameras?"
ServiceComplaint,"Customer service never replies, what’s the point of this form?"
MissedCollection,Recycling bin was not collected on the scheduled date. Everything was set out correctly. Please arrange collection.
ServiceComplaint,"There is a complete lack of consistency in how collections are handled. Some weeks bins are returned neatly, other weeks they are left blocking driveways. Some weeks nothing is collected at all. This unpredictability makes it very hard to manage household waste. I expect a clear standard of service and consequences when that standard is not met."
GeneralInquiry,Can I pause my subscription temporarily while I'm away for three months?
ServiceComplaint,Why are your drivers so loud at 6am?? Woke up the whole house. 🤬
ServiceComplaint,"I’m not happy about your “extra capacity” charges. We had one extra bag of cardboard next to the bin (neatly tied, not loose) and your crew refused to take it, slapped a note on the bin, and left it. Then your customer service told me I need to pay for additional pickups. Seriously? It’s Christmas, people have extra packaging, and we’re still recycling responsibly. I’m in Yeovil and you’re basically discouraging recycling unless we pay more. What exactly are we paying for already? I want this reviewed because it feels like a money grab. At minimum, provide clear guidance in advance, not after the fact with a smug sticker."
DamagedProperty,broke our raised bed box. need repair
DamagedProperty,Broken bin wheel.
GeneralInquiry,Do you take small electrical items like kettles or is that a no?
MissedCollection,Bin not emptied. Pls send someone.
PositiveFeedback,As a new resident I just wanted to say how impressed I am with GreenBin Recycling. Everything is clearly explained on the website and collections have been spot on. Thank you!
ServiceComplaint,"Your driver is a racist prick. Told me to ""go back to my own country"" when I asked him to move his truck. Disgusting."
DamagedProperty,Your collection crew damaged our recycling caddy during pickup. Want reimbursement
MissedCollection,"bins not picked up AGAIN, really annoying now"
DamagedProperty,"Hi GreenBin, I love your service but one of your workers dented my parked bicycle today."
MissedCollection,"Bin wasn't collected this morning on High Street, put it out at 6am like always. Any idea what's going on?"
ServiceComplaint,"Honestly fed up now, third time this month the crew left rubbish all over the road after emptying the bin."
DamagedProperty,My parked car got scratched by the truck
ServiceComplaint,"I am extremely disappointed with the current state of the recycling service in Frome. For the past three weeks, the collection times have been completely inconsistent. One day they arrive at 7am, the next it is 4pm, and sometimes they don't show up until the following day. This makes it impossible to know when to put the bins out, especially with the high winds we've been having which knock the bins over if they are left out too long. Furthermore, the mess left behind by the crews is unacceptable. There are frequently bits of paper and plastic strewn across the pavement after the truck leaves. I have had to go out and sweep the street myself multiple times. This is not the level of service I expect from GreenBin Recycling. I hope to see an improvement in both punctuality and cleanliness immediately or I will be taking this matter up with the local councillor."
MissedCollection,collection was supposed to be thursday but it didnt happen. checked the schedule online and it says collected? ?  very confusing
DamagedProperty,"bin handles missed, cracked this morning"
MissedCollection,"hey, collection day today but no one came. bin is full. need help pls."
ServiceComplaint,Unfriendly staff.  They threw my bin down and didn't seem to care about my property.
DamagedProperty,Your truck reversed into my front hedge and broke several branches off. This isn’t the first time! Need someone to come and take a look ASAP.
DamagedProperty,Your truck knocked over my wheelie bin and all the recycling spilled everywhere. Very frustrating!!!
DamagedProperty,Wheel fell off new bin
MissedCollection,missed AGAIN 😡 green bin still outside. do i just leave it forever or?
PositiveFeedback,very happy customer here!!! keep up the good work guys 🌱♻️
MissedCollection,"Hey, my bin was missed Tuesday. Didn’t see any vehicle on my street. Pls reschedule."
PositiveFeedback,Service has been faultless.  Professional crew and always on schedule. Well done!
PositiveFeedback,Best recycling service we’ve had since moving here.
DamagedProperty,"Gatepost cracked, looks fresh."
GeneralInquiry,Can I get an extra bin? family has grown.
PositiveFeedback,Just wanted to say a big thank you to the GreenBin team! My bin was collected very early this morning and the lads even put it back neatly. Really appreciate the great service 😊
PositiveFeedback,Really appreciate how helpful your driver was when I had too much recycling.
PositiveFeedback,great experience all year
MissedCollection,"This message is to formally complain about a missed recycling collection on our road. The bin was not collected on the scheduled date, and despite reporting it promptly, there has been no resolution. This ongoing issue is causing inconvenience and reflects poorly on the reliability of the service. I expect a prompt response and a clear plan to address this recurring failure."
DamagedProperty,Large crack in driveway after your truck mounted the kerb. wasnt there before. need this sorted.
PositiveFeedback,Your team in Frome are always polite and efficient.
GeneralInquiry,I'd like to know how your food waste is processed. Is it fully composted?
ServiceComplaint,My calls are never returned
MissedCollection,Collection missed for flat 8. not first time
MissedCollection,missed again 😡😡 this is getting silly. everyone else's bins on the street got taken except ours. fix this!
MissedCollection,For the fourth bloody time this month my bin hasn't been emptied. This is ridiculous.
ServiceComplaint,"Poor handling of my bins, keeps damaging them"
ServiceComplaint,"This is a general complaint about how GreenBin Recycling is being run. Missed collections, rude drivers, no follow-up, and no accountability. I have never experienced such a poorly managed service in this area before. I would like to know who is actually responsible for overseeing operations because clearly standards are slipping."
MissedCollection,"Hello GreenBin team, I’m writing regarding the scheduled recycling collection on Monday this week for our address in Somerset. The calendar on your website clearly stated that mixed recycling would be collected on that day, but the lorry never arrived. I waited until late afternoon before bringing the bin back in, assuming it might be delayed, but nothing happened. This isn’t the first time this has occurred, although it doesn’t happen every week. I appreciate that things can go wrong, but it would be helpful to know why this keeps happening and when I can expect the missed collection to be resolved."
ServiceComplaint,Collection was 2 hours late and they made so much noise banging bins at 7am on a Sunday. Ridiculous.
PositiveFeedback,Super happy with how clean everything is left after collection. Makes a difference!
PositiveFeedback,"Quick replies to email, thank you"
GeneralInquiry,Do you offer larger bins for households with more recycling?
MissedCollection,bin not collected again. do I need to call?
ServiceComplaint,i dont like the new system way too confusing
ServiceComplaint,"Honestly not impressed at all. The service used to be fine but lately it’s gone downhill fast. Bins collected late, sometimes left in the middle of the drive, lids broken and no follow up. I sent an email last month and never even got a reply. Paying council tax for this level of service feels like a joke. I don’t normally complain, but this is becoming a regular issue and someone needs to actually take responsibility."
MissedCollection,still not collected
DamagedProperty,Knocked over my plant pots and didn't even pick them up. Ruined my nice flowers :(
MissedCollection,"I saw the lorry go by but didnt take mine, why?"
MissedCollection,"Hi, you didn't collect our bin again this week. It's the third time now. Please sort it out as soon as possible!!"
GeneralInquiry,"Hi, what days are recycling collected in my area?"
DamagedProperty,"The handle on my bin is snapped, happened during emptying."
MissedCollection,missed my collection again!! srsly what am i paying for?? third time this year. sort it out GreenBin. i live on silver street in wells. bin is full. come get it.
MissedCollection,u forgot our block again
MissedCollection,why has my green bin been skipped? all others on road done.
PositiveFeedback,Found staff extra helpful
MissedCollection,"hiya folks, not sure what went on this morning but our green bin is still out front completely full and smelling like a compost heap in july. the truck came down jasmine close around 07:30, i watched them take my neighbour's bin and then they just rolled right past mine without even a glance 🤷‍♂️. lid closed, correct day, no wrong stuff inside (i triple-checked!). any chance someone can swing back later today or tomorrow? fridge is clogged with bottles waiting to go. cheers, dan in taunton, house number 14. would hate to cart it back indoors because the seagulls are already circling the street and ripping open bags left out by others."
DamagedProperty,Bin completely broken after being thrown back. Needs replacing asap.
MissedCollection,"I’d like to inform you that the recycling bin for our household was not collected on the scheduled day. We checked the council alerts and there were no notices about delays or cancellations. The bin was not contaminated and was placed correctly. Please advise if a return visit will take place or if we should wait until the next cycle, as storage is becoming an issue."
DamagedProperty,"Truck hit our garden wall slightly, some bricks loose now."
GeneralInquiry,how to complain if drivers rude
GeneralInquiry,can you tell me what can go in the green bags?
MissedCollection,"recycle bin = not collected, again again again"
MissedCollection,Missed pickup and no explanation.
MissedCollection,missed again
DamagedProperty,Your truck knocked over my garden gnome and smashed it to pieces. It was a present from my late mother. Very upset.
PositiveFeedback,You have been absolutely wonderful all year. Keep rocking the recycling space! Cheers. 🌟
MissedCollection,"I’m writing to report that my recycling bin was skipped on 2 Jan. The calendar app shows pickups every Tuesday, yet ours remains untouched. Please fix your system."
GeneralInquiry,Is there a way to get collection reminders by email?
GeneralInquiry,Are you collecting as normal during the strike?
ServiceComplaint,the new system is confusing and doesn’t work for me
GeneralInquiry,"Collection missed, how to report?"
ServiceComplaint,"drivers in a hurry, damaging bins"
MissedCollection,Missed bin. Address: BA20 1PP.
MissedCollection,"This is becoming a joke tbh, third missed collection since Christmas. Please explain."
ServiceComplaint,waited on hold for 3 hours and still no one picked up
PositiveFeedback,I really appreciate how reliable the collections are. Never missed once in three years. Makes life so much easier. Well done GreenBin!
GeneralInquiry,Do you collect glass as well?
MissedCollection,"Hi GreenBin team, my bin wasn't collected again this week on Tuesday. It's the third time in two months. The street is Somerset Road TA1 3XX. Please sort this out asap, it's starting to smell really bad now. Thanks"
DamagedProperty,Your staff dropped the bin and cracked several paving slabs on my path. This is visible damage and I expect it to be addressed promptly. Please advise next steps.
GeneralInquiry,What time do collections usually happen on our street?
DamagedProperty,"Hey, after u collected bins my gate is all wobbly. Pretty sure your team busted it. Can u fix?"
DamagedProperty,Fence came down after bin pickup
GeneralInquiry,Do you offer garden waste service?
ServiceComplaint,Customer service phone line never answered.
PositiveFeedback,All good 👍
ServiceComplaint,collection crew knocked over a planter and didnt apologize or offer to help
MissedCollection,no collection happened today on our street - manor gardens
MissedCollection,"Dear GreenBin, I’m concerned that despite subscribing to the weekly service, my recyclables were not collected at all in the last fortnight. Please look into this."
ServiceComplaint,too much mess left after every collection
GeneralInquiry,where r ur offices? wanna come by
PositiveFeedback,Just awesome! Unbelievable hard work even during Christmas rush! Hats off 💯.
MissedCollection,"Missed food waste caddy. Address is 5 High St, Frome."
MissedCollection,can u come tomorrow make it up
MissedCollection,"My recycling stood out since Friday, not collected"
GeneralInquiry,Can I recycle crisp packets?
ServiceComplaint,"Why are you people so unreliable? My bin is constantly half-emptied, the collectors just tip half of it in and leave the rest. Sort it out."
ServiceComplaint,Collection team left the bin in the middle of the driveway.
DamagedProperty,You've dented our fence panel again whilst reversing that big truck. What now?
ServiceComplaint,"Still can’t get thru to phone line, urgent"
ServiceComplaint,"I have to say I'm extremely disappointed with the service lately. Bins often left on the pavement blocking the path, sometimes not even put back properly. This has been ongoing for weeks now."
MissedCollection,my bin not collected for 2 weeks now 😤 pls help im running out of space
GeneralInquiry,"I’m writing to ask about collection schedules over bank holidays. Does the recycling day change, or does it remain the same? I couldn’t find a clear answer online and don’t want to miss a collection by putting the bin out on the wrong day. If there’s a calendar or notification system I can sign up to, please let me know. Thanks for providing this service and for any guidance you can offer."
ServiceComplaint,Service is inconsistent and frustrating. I expect better from a council contractor.
GeneralInquiry,hi can I recycle pizza boxes?? thanks
ServiceComplaint,Website never up to date
MissedCollection,"Hi there, our recycling wasn’t picked up this morning as usual. The bins were out last night and everyone else’s seem to have been collected except ours. Could someone check if the crew missed our road, please? We’re on Orchard Close, Taunton. Thanks."
GeneralInquiry,Do you collect on bank holidays? Specifically wondering about Easter Monday. Thanks in advance.
ServiceComplaint,unhappy with the service lately. messy and late.
GeneralInquiry,how do i get rid of old mattress?
MissedCollection,wheres my collection??? its been 2 weeks now and bin is overflowing!!!!!! 😡😡
ServiceComplaint,Why are your collections getting later and later each week? Used to be 8-9am now sometimes after lunch!
ServiceComplaint,Driver was smoking while handling bins which is disgusting and unprofessional. Food waste bins shouldn't be handled by someone smoking!
GeneralInquiry,What items are not allowed in the black bin?
MissedCollection,"Greetings, just to inform you that recycling for Flat 2, 12 Glaston Road, Street, was overlooked during yesterday’s run. I understand routes were altered following the flooding, but the council website still listed Monday for our area. Could you confirm the revised timetable, or arrange a catch-up? We’re a shared student house with limited indoor storage; after the holidays we have stacks of pizza boxes and energy drink cans towered dangerously near the hob. Not ideal fire safety. Thanks for any help, and please pass along praise to the usual crew who are normally fantastic despite the workload. Cheers from all of us at number twelve."
PositiveFeedback,"Merci pour le bon service, toujours fiable."
ServiceComplaint,Staff yelled when i asked them something. Not right.
MissedCollection,I left bins out but nobody collected. Please send a truck today!!
PositiveFeedback,Brilliant job as usual
MissedCollection,no one came again?? second week in a row now. whats going on
DamagedProperty,driver knocked over a fence panel when reversing.
ServiceComplaint,"Your driver just threw the bin on the floor like shit after emptying it, now the lid is cracked. Not happy."
PositiveFeedback,We've been with you for two years now and service is consistently excellent. Couldn't ask for better
MissedCollection,"Why u ALWAYS miss my rubbish, sort it out!"
GeneralInquiry,Is food waste picked up weekly or fortnightly?
GeneralInquiry,Is there a charge for extra recycling bags? Couldn't find info online.
MissedCollection,bin left unemptied AGAIN 😡
MissedCollection,You lot missed my street again! 😡 Blue bags are still sitting on the kerb at BA11. Sorting it out now plz.
PositiveFeedback,Keep up the good work.
MissedCollection,"Hello, I am writing because my recycling bin has once again been missed. This is becoming a pattern rather than a one off issue. I live on a main road in Somerset, very easy access, and yet somehow my bin is overlooked regularly. I have followed every guideline provided, including not overfilling and placing it in the correct position. My neighbours have started commenting on the smell because it has been sitting there for weeks. I find it embarrassing and frustrating. I should not be punished because your schedule or staff are disorganised. Please arrange a catch up collection and explain why this keeps happening."
GeneralInquiry,what happens if my bin is damaged?  do you replace them for free?
MissedCollection,didn’t take my recycling again. any reason?
MissedCollection,Non ho ricevuto il ritiro oggi. Il mio cestino è ancora pieno. (I put it out last night but no one came?)
ServiceComplaint,"The online reporting system is extremely frustrating to use. It times out, doesn’t save progress, and gives no confirmation half the time. On top of that, when I do manage to submit a report, nothing seems to happen. I’m complaining about the overall customer experience, not just one missed collection. GreenBin Recycling needs to seriously review how it communicates with residents and how issues are tracked and resolved."
PositiveFeedback,"Gave my mum extra bag, thank you"
DamagedProperty,They knocked over our fence panel.
DamagedProperty,the lorry cracked our driveway edge while turning. please advise.
GeneralInquiry,"Ciao, volevo sapere se accettate plastica dura (tipo contenitori del detersivo)? Grazie!"
GeneralInquiry,How do I update my address details on your system?
DamagedProperty,your driver damaged my wheelie bin storage area and just drove off. i have photos. don’t even try to deny it.
ServiceComplaint,takes too long to get new bin
PositiveFeedback,"I’d like to compliment GreenBin Recycling on the improvements I’ve noticed over the last few months. Collections have been consistent, communication has been clearer, and any minor issues were resolved quickly. It’s clear effort has been put into making the service better, and as a resident I really appreciate that. Please share this feedback with management and the frontline crews. It makes a real difference to confidence in the service and encourages more people to recycle properly. Thank you for your hard work."
ServiceComplaint,"GreenBin, can you explain why your collection schedules never match? The paper calendar says one thing, the website says another, and the automated email reminder (when it arrives) is different again. I’m in Yeovil and this inconsistency is causing constant arguments on our street because everyone is putting bins out on different days. Then the crew complain bins are “late” or “not presented” — maybe because YOU can’t communicate. I’m not asking for the moon here. One accurate schedule. One place to check. And if it changes, notify people properly. Also your reminder emails go to spam half the time. Sort it out. You’re creating the confusion and then blaming residents."
ServiceComplaint,"Your call centre hours are completely unrealistic. Some of us work. When I finally got through (after 30+ minutes), the agent sounded like I’d interrupted their lunch. Then they told me to “check the FAQs”. If the FAQ solved it, I wouldn’t be calling, would I? I’m trying to get a straight answer about assisted collections for my mother in Wells, and nobody seems to understand what that means. I need a clear policy, how to apply, and confirmation in writing. Not attitude. Not vague promises. If GreenBin can’t accommodate basic accessibility needs, I will take it to the council and local disability support groups. This is 2026; do better."
DamagedProperty,The driver smashed my plastic bin lid. It’s completely cracked now.
GeneralInquiry,Can I order an extra bin for my home? We generate more recycling than average.
MissedCollection,"Nothing collected on our street today, not even the neighbours."
DamagedProperty,massive scratch down the side of my brand new bin. looks like it was dragged along the road. not impressed. postcode TA8 1AA
MissedCollection,where is the truck?? its 5pm and the whole road is still lined with bins.
MissedCollection,missed bin collection. thx.
ServiceComplaint,frustrated with lack of communication
PositiveFeedback,"Love how polite your crew are, always smiling when they work away ❤️."
DamagedProperty,Wheel is missing from my large bin after you guys emptied it. Found it halfway down the street.
ServiceComplaint,"GreenBin, please stop leaving the bins in the middle of the pavement. My elderly father uses a mobility scooter and had to ride into the road to pass. Could operatives return empty containers to the property boundary rather than blocking walkways? Much appreciated. This has happened on the last four collections on Moorfield Avenue despite previous emails. A quick refresher training would solve it."
PositiveFeedback,Super happy with the service! Everything perfect as usual :)
PositiveFeedback,Can't fault the service. Always on time and very professional. Well done!
GeneralInquiry,What day is recycling collected on my street?
DamagedProperty,"Please can you replace our bin, it's split down the side after last collection"
MissedCollection,are you coming tomorrow to collect what was missed?
ServiceComplaint,Your driver reversed into my fence last month and just drove off! Still no response to my previous complaint. Disgraceful service.
MissedCollection,"Hi, just checking why the green bin wasn’t emptied on Friday?"
DamagedProperty,Lost tiles from the path after guys dragged bins
GeneralInquiry,"collection for extra bag, is it possible?"
DamagedProperty,You broke a tile on my doorstep when the bin was thrown back
DamagedProperty,Gate hinge bent after lorry reversed too close.
GeneralInquiry,Who to contact for complaint?
DamagedProperty,"your lorry hit my fence. no note, no apology, nothing. came outside after hearing the noise and saw the panel cracked and leaning. this wasn’t damaged before, 100% sure. really not impressed that the crew just drove off. i’ve taken photos and spoken to neighbours who saw it happen. i want this sorted, either repaired or paid for. let me know who i need to speak to because ignoring it isn’t an option. accidents happen, but not owning up to them is unacceptable."
GeneralInquiry,can i change my collection day?  currently on Tuesday but would prefer Monday
MissedCollection,Every week you forget my house. Please help?
GeneralInquiry,Is green bin every week or fortnight?
GeneralInquiry,"I’m moving to Frome soon, how do I set up my recycling collection?"
ServiceComplaint,nobody seems to care about complaints here
GeneralInquiry,Query.
DamagedProperty,my fence panel snapped after your crew leaned bins against it. not happy. want it fixed
ServiceComplaint,collection was 45 minutes late today and I missed work because I had to wait in. Not good enough!
MissedCollection,Why always miss my house???!!!
MissedCollection,"Hello, our green wheelie bin was not emptied on Monday 8th. Could you advise next steps?"
DamagedProperty,not happy bin always breaking
MissedCollection,My street was skipped entirely.
GeneralInquiry,"Good morning, I wanted to ask whether Christmas wrapping paper can go in the recycling or general waste this year. Thank you!"
GeneralInquiry,Do you collect glass jars or should they go elsewhere?
PositiveFeedback,"Thanks for replacing our bin so quickly last week, much appreciated."
PositiveFeedback,No more mess after collection now
DamagedProperty,Scratches along my car door from the bin being dragged past it.
DamagedProperty,"During yesterday’s collection the recycling operatives accidentally knocked over our stone gatepost with the bin, cracking it clean through. The post supports the latch for our front gate and now the gate won’t close, leaving our dog able to run onto the road. The damage occurred at 10:12 a.m., as captured on our doorbell camera. Please arrange for repairs or discuss compensation. Our address is 45 Moorland Road, Highbridge. We will provide the footage on request."
ServiceComplaint,Never pick up when say
PositiveFeedback,"Staff never rude, pleasure to deal with"
PositiveFeedback,Great service as always! Bin collected early and everything left tidy. Thank you GreenBin team :)
DamagedProperty,oil leak from your vehicle stained my driveway.
MissedCollection,"I’m reporting a missed recycling collection for my address in Somerset. The scheduled day was Tuesday, and as of Friday it still hasn’t been collected. The bin was placed at the kerb by 7am, not blocked, and contained only accepted recyclable materials. I checked the website and there was no notice of disruption. This has happened a few times over the past couple of months and I’m concerned it’s becoming a pattern. We are a family household and generate a fair amount of recycling, so missed collections cause real inconvenience. Please advise when this will be resolved and whether there is an issue linked to our property. Thank you for your time."
ServiceComplaint,Drivers keep leaving the bins in the middle of the driveway blocking access. Happens every week. Very inconsiderate. Sort it out please.
MissedCollection,missed collection logged. im not happy.
ServiceComplaint,"Your customer service response times are unacceptable. It took over three weeks to receive a generic reply that didn’t even address my concern. This complaint is about how issues are handled, not just the issue itself. Residents deserve better communication and accountability."
ServiceComplaint,"driver too fast, dangerous for kids"
ServiceComplaint,GreenBin Recycling seems completely uninterested in feedback. Every complaint is brushed off. I am tired of being polite when nothing changes. This is a formal complaint and I expect a formal response.
GeneralInquiry,Hi there can you tell me what time collections usually happen on tuesdays please
GeneralInquiry,can you collect from back gardens or only front of house?
DamagedProperty,Bin returned broken.
MissedCollection,no collection this week at all.  both scheduled days were missed
DamagedProperty,Your vehicle damaged my driveway curb during collection. Please arrange inspection.
GeneralInquiry,"Hi, do you collect small electrical items like kettles or is that a different service?"
ServiceComplaint,Missed collections and no follow-up. Paying council tax for this?
ServiceComplaint,Le service est lent et pas fiable ces jours-ci
DamagedProperty,"Hello, I’m upset that your collection crew broke the latch on my garden gate while pulling the bin away. It now won’t close properly. How do I get this fixed?"
GeneralInquiry,Can I put pizza boxes in the recycling bin even if they're greasy?
ServiceComplaint,truck drivin way too fast down our narrow lane in Exmoor. dangerous!!
DamagedProperty,Driveway lights bust after bins dragged
ServiceComplaint,So tired of reporting the same problems every week
DamagedProperty,"i bin crushd my roses when they picked up, they didnt ask first, now theyre dead 😭"
MissedCollection,bins not taken this tuesday. this is unacceptable.  need explanation
DamagedProperty,Another crack in the bin after team left
DamagedProperty,Recycling vehicle scratched my car parked outside the house.
MissedCollection,"Mi cubo no fue recogido hoy, siempre pasa lo mismo"
MissedCollection,missed us again on wellington road. third time in two months
PositiveFeedback,excellent recycling program. keep up the good work. 👍
ServiceComplaint,No response to previous complaints. why am I ignored?
MissedCollection,missed bin ba2. please fix.
MissedCollection,missed collection again bin still outside full of rubbish when will u come???
ServiceComplaint,"Stop sending me surveys. Honestly. Every time I report something you immediately email a satisfaction survey before anything is fixed. It’s tone-deaf and it makes you look like you care more about metrics than service. I’m in Street and I’ve had ongoing issues for months. Fix the issues first, then ask me how you did. Also, your “no reply” emails are infuriating because if I hit reply (as a normal person would), it bounces. Provide a proper two-way communication channel. And stop acting surprised when customers are angry—you’ve designed a system that makes it impossible to get help."
DamagedProperty,One of your workers stood on my flower bed and ruined half my plants while collecting. Very careless.
DamagedProperty,solar lamp ruined after today
ServiceComplaint,"yo greenbin, need to vent cos your driver left the lid and liner from the food caddy thrown across my driveway, smashed eggshell goo everywhere. had to step in it wearing work shoes, cheers for that. not the first time either. can you remind crew to close lids and not treat bins like rugby balls? the caddy handle is now cracked and leaking. wife already annoyed with me for tracking sticky stuff into hallway. please send replacement caddy and maybe some gloves for clean-up? seriously though, i pay for this through council tax and expect a bit of respect for property."
PositiveFeedback,Very happy with new compost caddys
DamagedProperty,The collection vehicle damaged my garden wall during pickup. Now it has a large crack.
DamagedProperty,Your collection vehicle damaged my driveway this morning. There are tyre marks and a cracked slab. Please can someone contact me regarding compensation.
MissedCollection,no show today... again...
GeneralInquiry,Is there a limit to the amount of cardboard we can put out each week? Thanks.
GeneralInquiry,Are batteries allowed in the green bin?
GeneralInquiry,Are pizza boxes allowed?
MissedCollection,"Good afternoon, I noticed that the household waste bin was not emptied during today's collection round. Our address is 8 Apple Tree Close, Taunton TA1 3PQ. Could someone please look into this matter? Kind regards, Sarah Thompson"
DamagedProperty,Garden lights smashed
DamagedProperty,"I asked for care, instead now have broken fence"
MissedCollection,Nobody collected our recycling today... not sure if there was a schedule change?
MissedCollection,"Good afternoon, I wish to report a missed collection of our household waste bin on the scheduled date. Thank you for your attention to this matter."
PositiveFeedback,The collection crew were lovely and helpful. Always accommodating when we've had issues.  Thank you GreenBin!
ServiceComplaint,Why do you keep changing the schedule without notice??
ServiceComplaint,"Procedures unclear, not explained"
ServiceComplaint,"I called customer service twice last week and was put on hold for over 30 minutes each time, only to be hung up on. Very disappointed."
MissedCollection,they didnt take the bin coz apparently wrong items but there was no tag??
MissedCollection,collection didnt happen. not sure why. weather was fine.
PositiveFeedback,Honestly best council recycling I’ve had compared to where I lived before. Keep it up GreenBin Recycling!
GeneralInquiry,How often should I use my recycling bin before it needs to be emptied?
GeneralInquiry,"Hello, do you accept old batteries in the recycling bin or should I take them somewhere else?"
ServiceComplaint,I waited on hold for 20 minutes and then got cut off. Not impressed with customer service.
DamagedProperty,Bin returned upside down and cracked.
ServiceComplaint,Your app is buggy and gives wrong information about collection dates constantly.
ServiceComplaint,Poor handling of previous complaint.
MissedCollection,My bin was missed AGAIN 😡 what’s going on? Pls sort this!
ServiceComplaint,can’t get info on website
MissedCollection,missed again. why only my place?
GeneralInquiry,do u guys take old batteries?? got a bunch of AA ones and dont want to throw them in the regular trash. thx.
MissedCollection,"WHY WAS MY RECYCLING NOT COLLECTED AGAIN THIS WEEK? THIRD TIME IN TWO MONTHS. BIN WAS OUT AT 6AM SHARP ON LYDE ROAD, NO CONTAMINATION, EVEN RINSED THE CANS. I PAY COUNCIL TAX LIKE EVERYONE ELSE AND EXPECT BASIC SERVICES. I RUN A SMALL B&B SO OVERFLOWING GLASS IS A HEALTH HAZARD FOR GUESTS. PLEASE SEND A CREW TODAY OR TELL ME HOW TO FILE A FORMAL COMPLAINT. REALLY FED UP!!! ALSO YOUR WEBSITE CHATBOT JUST LOOPED ME BACK TO THE FAQ, SO NOT MUCH HELP THERE EITHER. IF YOU NEED PHOTOS I'VE TAKEN TIMESTAMPED ON MY PHONE JUST SAY."
MissedCollection,"You didn’t empty our bin on Friday, now it’s overflowing and smells bad."
MissedCollection,bin still here. missed again!!!!!!
MissedCollection,"Hello, our recycling bin on Maple Drive was left unemptied today even though it was out before 7am."
ServiceComplaint,Website hard to use
ServiceComplaint,crew very messy this winter
PositiveFeedback,The new recycling app is brilliant. Very easy to use.
MissedCollection,Recycling boxes not emptied in Shepton Mallet.
DamagedProperty,Driveway edge chipped by truck tyres.
PositiveFeedback,"Great service this morning, bins emptied quietly and on time."
ServiceComplaint,Why do you keep mixing the paper and plastic in the same compartment? I thought the whole point was to keep them separate for processing.
GeneralInquiry,can i leave glass bottles in the blue bin?
DamagedProperty,My fence panel has been loosened and cracked after your lorry reversed too close during the collection. This damage was not present before today and is directly in line with where the vehicle stopped. I need this inspected and repaired as soon as possible.
GeneralInquiry,Are shredded documents recyclable?
ServiceComplaint,"Service is poor recently, missed days and no updates."
PositiveFeedback,"staff didn’t mind extra bags, ace"
PositiveFeedback,"Thanks for the reminder text, very helpful."
GeneralInquiry,"hi, can i get a second recycling bin please?"
GeneralInquiry,What time should I put my bin out for collection?
MissedCollection,"Morning, just checking why the recycling wasn’t picked up at No. 14 yesterday. It was out from 6am as usual."
DamagedProperty,"Fence scratched, paint gone."
PositiveFeedback,Happy.
ServiceComplaint,The new recycling schedule is a mess. Collections are always late and confusing. Whoever planned it needs to rethink.
GeneralInquiry,Can I get email notifications?
GeneralInquiry,what happens if i put plastic bags in the food waste bin? will it be rejected?
ServiceComplaint,"collection supposed be at 7am, always late"
GeneralInquiry,How do I get a replacement bin?
MissedCollection,"Sir/Madam, despite placing our containers curbside at 6 AM, the recycling truck never came. We live on Willow Road, plot 12. This is the second missed collection in two weeks. Kindly address this urgently."
MissedCollection,Is someone coming tomorrow due to miss?
MissedCollection,still waiting for missed collection
PositiveFeedback,Super happy customer here! Never had any issues in 4 years. You guys are awesome 😎
MissedCollection,bin not emptied. left out since last night. pls advise.
ServiceComplaint,Still waiting on a reply from last week. Poor service tbh.
ServiceComplaint,Bin left lying on its side in the road. Could have caused an accident.
GeneralInquiry,Do you take shredded paper in the blue bags?
ServiceComplaint,I pay council tax and expect a reliable service.
ServiceComplaint,Collection crew left the street in a mess with rubbish everywhere. Very disappointing.
ServiceComplaint,Your crew left rubbish strewn all across the pavement this morning. Had to clean it up myself. Very poor.
MissedCollection,bin not picked up today what gives??? been waiting since 7am and nothing. address is 14 elm grove somerset. come on guys
DamagedProperty,Recycling bin wheel missing after pickup.
ServiceComplaint,Constant problems and no proper communication.
MissedCollection,"Vous avez encore raté la collecte de recyclage à Taunton (oui, j’écris en français parce que je suis exaspérée). The bin was out on time, correct materials, no obstruction, and your truck drove past. This keeps happening and every time I’m told to wait for the next scheduled date like I’m supposed to live with mountains of cardboard. Non merci. I need a catch-up collection within 48 hours and I want a clear explanation. If your calendar is wrong, fix it. If your staff are lazy, supervise them. I have photos with timestamps. Please don’t send a generic template response; actually read what I’m saying and confirm the plan."
MissedCollection,Still no collection today... this is ridiculous now. Bin is overflowing. Sort it!!
GeneralInquiry,Is food waste collected weekly or fortnightly now?
MissedCollection,NOT AGAIN! This has happened every other Friday for two months now...fix collection issues.
GeneralInquiry,How long does it take for a replacement bin to arrive after I request one?
PositiveFeedback,"driver waved to my son, made his day! 🙏"
DamagedProperty,"Lorry clipped our gate, hinge bent and won’t close properly."
DamagedProperty,"I’m very disappointed to report that during the last recycling collection, my garden wall was damaged by the collection vehicle. I heard a loud bang and later noticed several bricks had been knocked loose. There was no note left and no attempt to inform me of the damage. This is private property and the damage was clearly caused during collection. I would like this incident logged and investigated, and information on how to proceed with repairs and compensation. I have photographs available if required. Please advise on next steps as soon as possible."
MissedCollection,"missed today, overflowing now 😤"
MissedCollection,"Hello GreenBin team, I'm writing because our recycling was due for collection yesterday (Thursday 2 Jan) but the bins are still full at the kerb. We followed the calendar, had the lid closed, and placed it out the night before as usual in Nether Stowey. Our neighbours’ bins were taken, so I fear ours was missed. Could you please advise when a crew might be able to return? We’re already at capacity and have extra cardboard from the holidays piling up indoors. Otherwise we'll need to drive to the tip, which we'd rather avoid. Thank you for your assistance today."
ServiceComplaint,"bin men threw my recycling everywhere this morning, glass smashed all over the drive. clean this up ffs"
DamagedProperty,Driver knocked over our garden wall slightly when collecting this morning.
DamagedProperty,"Hello, after your last visit, we found deep tyre marks in our front lawn. Can someone come and inspect the damage?"
PositiveFeedback,"Really impressed with how tidy the street was left after collection today, cheers."
ServiceComplaint,never put bin back where found
PositiveFeedback,Good job.
ServiceComplaint,"bins left blocking the driveway after collection, please remind staff."
ServiceComplaint,Your driver was rude and shouted at my elderly mother when she asked a question. Unacceptable.
PositiveFeedback,cheers lads for grabbing my bin even tho it was slightly blocked in
ServiceComplaint,I reported this last week and still nothing done.
GeneralInquiry,what happens if i put wrong items in recycling bin by mistake?
ServiceComplaint,Service quality is inconsistent.
PositiveFeedback,Staff gave my dog a treat! thank you
MissedCollection,My recycling was not collected this morning (Friday). I left it out from 6am as usual.
ServiceComplaint,The collection lorry was extremely noisy this morning at 6:15am!! We have small children trying to sleep. Please ask your drivers to be more considerate in residential areas.
GeneralInquiry,What are the rules for cardboard boxes? Do they need to be flattened?
MissedCollection,No collection today. why????
ServiceComplaint,Your driver left bins scattered all over the pavement again. Makes the street look awful.
GeneralInquiry,I have a lot of garden waste after some landscaping. Do you offer a one-off collection service for a fee?
PositiveFeedback,"Brilliant service, polite drivers and always on time. Much appreciated!!"
ServiceComplaint,I've reported this twice already but the crews keep mixing up the bins. Green waste went uncollected AGAIN!!! very frustrating.
PositiveFeedback,Always on time and friendly service. Thank you!
PositiveFeedback,"Always smiles all round, thanks"
ServiceComplaint,your customer service is shocking. been trying to get through all week
DamagedProperty,My bin has been crushed by the lifting mechanism on the truck. It’s unusable.
MissedCollection,Address: 12 Orchard Close. Both recycling boxes were ignored by the crew.
GeneralInquiry,Is there a charge for an extra recycling bin? We’ve got a big household and one isn’t enough.
GeneralInquiry,What should I do with plastic bags? Can they go in the recycling bin or not?
MissedCollection,MISSED COLLECTION AGAIN!!! This is ridiculous!!!!!
PositiveFeedback,"I’m writing to express my appreciation for the recycling team. After a rough period last year, things seem much more organised now. Bins are collected on schedule and the area is left tidy. I also appreciate the clear guidance on what can and can’t be recycled. It’s helped our household reduce waste significantly. Please let the team know their efforts haven’t gone unnoticed. Positive feedback is just as important as complaints, and you’ve earned it."
PositiveFeedback,just want to say thanks to the guys who work the somerton route. always friendly and they do a great job. merry christmas to you all!
DamagedProperty,Scratches on wall from bin being dragged. unacceptable.
PositiveFeedback,"Great job, keep it up"
PositiveFeedback,"No late pickups, v reliable"
ServiceComplaint,"recycling everywhere after pickup, pls train staff"
ServiceComplaint,absolutely disgusting service!!! bin juice all over my path AGAIN this morning 😡😡
PositiveFeedback,I'm really impressed with how reliable your collections have been lately. Keep up the good work! Well done team.
GeneralInquiry,what happens if i put the wrong stuff in the recycling bin? will u still take it or leave it???
ServiceComplaint,Crew ignored my assisted collection note completely.
ServiceComplaint,i hate to say but service gotten worse over last months
MissedCollection,"Why was our bin missed in Wellington today? It was out from the night before (because your timing is all over the place), and it’s in the same place it has always been. Your crew collected the glass box from next door but left the recycling bin, which makes zero sense. Are they just picking and choosing? If there’s some new rule, communicate it like adults instead of leaving residents guessing. I’m not doing another week with overflowing recycling. Please confirm the earliest you will return and ensure the system doesn’t mark it collected when it clearly wasn’t. This service is getting worse, not better."
GeneralInquiry,"hi, how do i report a missed bin online?"
ServiceComplaint,The new collection schedule is confusing and no one told us about the change.
ServiceComplaint,Your drivers were very rude when I asked them to move forward a bit—they made a face and drove off. I expect better courtesy from a company that prides itself on community. This happened yesterday at 8 AM.
DamagedProperty,Spilled glass shattered and cut my cat’s paw
PositiveFeedback,Exceptional service! Your team is always professional and the collections are never late. 10/10
MissedCollection,why is my recycling always missed but everyone else’s collected? explain that. im fed up.
DamagedProperty,Fence panel cracked when bin was dragged back.
ServiceComplaint,your guys left the bin in the middle of my driveway so I couldn't get my car in.
GeneralInquiry,how to arrange extra pick up?
GeneralInquiry,What size bins do you offer for families?
PositiveFeedback,"no problems here at all 👍 everything collected as it should be, never missed, and the guys are always polite when i see them. recycling used to be a headache where i lived before, but greenbin makes it easy. just wanted to say cheers and balance out all the moaning you probably get. keep doing what you’re doing."
GeneralInquiry,Are collections running in heavy snow?
PositiveFeedback,Happy customer here 😄
ServiceComplaint,Loud at 6am again. Less noise pls
DamagedProperty,The collection vehicle damaged my fence on the side of the property. Photo attached but I can't see where to upload.
DamagedProperty,Your truck has left tyre marks all over my newly laid driveway. This will cost hundreds to repair.
DamagedProperty,"During the collection today, the lid of my recycling bin was completely snapped off. This did not happen through normal wear and tear, it was very clearly mishandled. The bin was fine when it was put out. Now it’s unusable and will let rain and animals in. I should not have to chase for a replacement because of your staff’s carelessness. Please arrange a new bin and explain how this will be prevented in future."
ServiceComplaint,"I am unhappy with how complaints are handled. There is no follow up, no reference number that works, and no accountability. It feels like shouting into the void."
DamagedProperty,Uszkodzili mój pojemnik na śmieci podczas odbioru.
MissedCollection,"hola, my bin was missed today. again. i dont understand why this keeps happening. same place, same time, no changes. very frustrating and not acceptable."
GeneralInquiry,Is food waste collected weekly?
PositiveFeedback,Never ignore messages
ServiceComplaint,absolutely shocking service lately...  bins thrown around like toys and rubbish left everywhere. sort it out!
PositiveFeedback,Really appreciate the extra help from the driver this morning when I couldn’t move the bin.
MissedCollection,waste collection didnt happen on scheduled day. need to know when its coming
ServiceComplaint,"Hi, I've been dealing with a collection issue for over a month now and no resolution. Frustrated!"
PositiveFeedback,"Someone answered my question so fast, amazing"
ServiceComplaint,The collector bloke was proper rude to me when I asked why he left the bin on the pavement 😡
ServiceComplaint,Bad service.
MissedCollection,My green bin wasn’t emptied today again. This is the second Monday in a row. Please can someone look into it?
MissedCollection,bin still full. why?
GeneralInquiry,"Morning, I moved house recently to Somerset. How do I register for your waste collection service please? New address is 23 Oak Lane, Chard."
ServiceComplaint,The crew were quite rude when I asked a question this morning.
MissedCollection,Bin still full. Pls empty.
ServiceComplaint,"I’m complaining about the way you handle complaints (yes, the irony). You close them without resolution. I reported an issue, got an email that said “resolved”, and literally nothing changed. No follow-up call, no visit, no explanation. It feels like your KPI is to close tickets fast, not to fix problems. I’m in Wells. This is not acceptable. If you are contracted by the council, then transparency matters. I want an actual response from a person who has authority, including what happened, what you did, and what will be different next time. If you can’t provide that, I’ll submit a Freedom of Information request to the council about service standards."
MissedCollection,"This is now the third time in six weeks that our recycling has not been collected on the scheduled day. We live just outside a village in Somerset, and it feels like rural routes are being deprioritised. The bin was clearly visible, not blocked by cars, and correctly filled. I’m concerned about hygiene as materials are piling up. Please advise what is being done to prevent these repeated missed collections and whether a catch-up service will be provided soon."
ServiceComplaint,"today collection very late, please stick to times"
ServiceComplaint,"The noise from your trucks at 5:30 AM is absolutely unacceptable. I understand that collections need to start early, but the crashing of glass bottles at that hour wakes up the entire street, including my young children. Is there any way the route can be adjusted so that residential areas are handled slightly later in the morning? It's becoming a real issue for our quality of sleep. Also, the drivers seem to be shouting to each other constantly which adds to the disturbance. Please look into noise reduction measures."
PositiveFeedback,just wanted to say thanks for the lovely service
MissedCollection,"hiya, didnt get my collection 2day, help??"
ServiceComplaint,drivers were rude when i asked a question
ServiceComplaint,rubbish left on grass every time
ServiceComplaint,"your service has gone downhill massively. it used to be fine but now it’s chaos. drivers rushing, bins left in the road, collections missed, and no one ever answers emails. i don’t care about excuses, i care about results."
ServiceComplaint,"It’s really hard to understand collection schedules sometimes! Can you simplify it, please?"
GeneralInquiry,What do i do with old paint tins?
GeneralInquiry,"What’s your advice for recycling tricky materials, like plastic film or Styrofoam?"
MissedCollection,"hola, no recogieron el cubo hoy"
DamagedProperty,Bin lid missing after collection??
PositiveFeedback,Love the new bright green bins! Much better than the old black ones.
MissedCollection,bin still sat out nobody picks it up
PositiveFeedback,absolutely delighted with your service. keeps getting better.  well done team!  👍
MissedCollection,Neither of my bins have been collected this week. This is not acceptable.
GeneralInquiry,Any holiday changes?
GeneralInquiry,Are collections affected by bank holidays this month?
DamagedProperty,"Bin wheels broken, can’t move it now."
GeneralInquiry,Is it okay to put pizza boxes in with the cardboard recycling if they’re slightly greasy? I’ve had conflicting advice.
PositiveFeedback,Really appreciate how clean the street looks after collection. Great job everyone! 🌱
MissedCollection,Bin missed again. Not sure what else to do
GeneralInquiry,Which days are garden waste pick up?
GeneralInquiry,How do I report a damaged bin? The lid is cracked and won't close properly.
MissedCollection,WHY WASNT MY BIN COLLECTED
DamagedProperty,"Hi, one of your crew dropped the bin and it smashed the wheel. Bin unusable now."
MissedCollection,bin missed. 3rd time. why?? sort it.
MissedCollection,No collection for the third consecutive week. This is becoming a serious problem. Please resolve urgently.
MissedCollection,"Green bin missed today, rain now soaked everything 🙄"
DamagedProperty,my solar light smashed after bins left in wind
MissedCollection,Can you collect missed bin this afternoon?
ServiceComplaint,"Why messed up schedule last month, no comms"
MissedCollection,"Hello, I understand collection schedules can shift during holidays, but my bin was not collected on 26 December as indicated on your website. It’s now full of cardboard and glass. Could you update me on when the next pickup will occur? Thank you."
DamagedProperty,Solar lamp finished after pickup
PositiveFeedback,Quick response to my query and problem solved same day.
PositiveFeedback,Love how green and eco friendly you guys are. Keep doing what you're doing! 🌍♻️
PositiveFeedback,Really appreciate how quick you were with the replacement bin last week. Top service!
PositiveFeedback,Great.
MissedCollection,Bin not collected today 01/11.
MissedCollection,Missed collection again this morning. I watched the truck go past without stopping. Not sure why our property is always skipped. Please investigate.
MissedCollection,"Hello GreenBin, our recycling was missed today (Tuesday). Neighbours got done but ours didn't."
ServiceComplaint,Do you train staff for careful handling
MissedCollection,"GreenBin, I’m a new resident at 12 Seaview Flats, Minehead, and followed the digital calendar which listed Friday for recycling. Put the bin out by 7 am. My neighbour says the day changed to Thursday last month yet the website didn’t update. So unsurprisingly no collection happened. Could you confirm the correct day and perhaps collect our backlog? We have limited space in a second-floor flat and storing bags of bottles is a nightmare. Apologies if I read outdated info, but it would be great if the online schedule could be synced with printed leaflets. Thanks for understanding; settling into a new place is stressful enough without sorting bin mysteries."
MissedCollection,oi greenbin u lot forgot my bin 3 weeks running now sort it out u muppets
GeneralInquiry,"Hello, I’ve just moved to Bridgwater and wanted to ask what day recycling is collected for flats? Not sure which bin is which."
MissedCollection,"why was our recycling not collected today?? no note, no email, nothing. bin is full and now we have to keep it another two weeks?? thats not ok. please explain what happened and when you’re coming back."
DamagedProperty,The bin was dropped from height and now has a massive split. Cannot use it anymore.
ServiceComplaint,Your customer service phone line never answers.
ServiceComplaint,Your drivers are absolute cowboys!! Nearly knocked my car mirror off this morning reversing like maniacs down our narrow street. Been happening for weeks now. Someone's gonna get hurt soon. Please train them properly!!
PositiveFeedback,Quick and efficient service today.
ServiceComplaint,Your emails never get replied to.
GeneralInquiry,Hi - I'm moving house next month.  How do I transfer my service to the new address?
MissedCollection,missed collection in chard today.
DamagedProperty,Your bin lorry reversed into my car this morning. Big dent in the door. I expect full responsibility.
ServiceComplaint,what’s with never replacing broken bins? had to call 3x
DamagedProperty,"Wheel came off bin, dangerous for kids. replacement?"
ServiceComplaint,drivers noisy
MissedCollection,missed again!!!!!! when r u gonna fix this???????? postcode TA8 1AA
PositiveFeedback,Just wanted to say thank you for being so reliable. Makes a big difference :)
ServiceComplaint,This is ridiculous. Every week the collectors leave rubbish all over the street. Do they even care? We pay for this service!
MissedCollection,you missed us AGAIN. what do we have to do to get a proper service round here??
ServiceComplaint,"Used to recommend you, but standards have definitely slipped."
ServiceComplaint,"I would like to raise a complaint regarding the behaviour of the collection staff. On several occasions they have been loud, rude, and careless early in the morning. Shouting, banging bins, and revving engines outside residential houses at 6am is completely unacceptable. I have young children and this constantly wakes them. I appreciate it’s a physical job, but that doesn’t excuse the lack of consideration. I’ve tried to be patient but this has been going on for months. Please address this with your crews and confirm what steps you will take to ensure residents are treated with basic respect."
PositiveFeedback,Great job even in bad weather!
ServiceComplaint,why do they always come so early?? 6:15 this morning!! some of us are trying to sleep you know
ServiceComplaint,Collection times are all over the place!!!
ServiceComplaint,Your staff need better training.  They left my bin blocking my car in the driveway and I was late for work because of it.
PositiveFeedback,"Thank you for the extra caddy bags, much appreciated!"
MissedCollection,forgot my bin again. do i need to rebook??
DamagedProperty,The side fence is loose after being hit by bin crew
MissedCollection,"hola, my recycling has not been picked up AGAIN. i dont understand how this keeps happening. same day every week, same setup. im really frustrated and this is starting to affect how i view the whole service. please fix this."
ServiceComplaint,don’t seem to care about residents or property
ServiceComplaint,Why does your customer service not answer phones?
PositiveFeedback,Five stars for GreenBin!
ServiceComplaint,"Buenos días, quiero presentar una queja sobre el servicio de reciclaje esta semana. Viajé por trabajo y dejé el contenedor listo, pero nadie vino. Gracias."
ServiceComplaint,"I want to lodge a formal complaint about how rude your customer service agent was on the phone this morning. I called about a simple question (replacement lid availability) and the person spoke over me, sighed loudly, and said “it’s all on the website” before basically rushing me off the call. I’m sorry, but I’m not a nuisance for expecting basic courtesy. Also, the website is not clear and the search function is terrible on mobile. If GreenBin is taking on public-facing contracts, you need to train staff to speak to residents like human beings. I want the call reviewed and I want confirmation of what your policy is for replacement parts without making me feel like I’m begging."
GeneralInquiry,Where can I find the collection calendar?
DamagedProperty,Your truck hit my gatepost!! It's wooden and now cracked badly.
ServiceComplaint,Your system says collected but it absolutely wasn’t.
PositiveFeedback,Thank you for great work.
MissedCollection,Nothing collected last 2 Fridays
ServiceComplaint,Why so many delays lately
GeneralInquiry,"Hi GreenBin, do you offer any incentives for recycling more plastics? Curious if you have a reward system. Thanks!"
PositiveFeedback,Just wanted to say thank you for always being respectful of our garden. You lot do a great job :)
MissedCollection,why does no one collect from my area lately?
GeneralInquiry,hi how do i get a new green bin? mine got stolen last night :(
MissedCollection,"no one came for the recycling this morning, bin still full outside 😡 what’s going on?"
DamagedProperty,"After your crew collected bins, i noticed the gate latch is broken. It worked fine before. Please send someone to repair or compensate."
MissedCollection,bin still here mate. 3rd week running. getting sick of this
MissedCollection,Can we arrange quick catch up for missed bins?
MissedCollection,no one came for the bin again. second time this month. whats going on
MissedCollection,Can someone pick up my recycling
ServiceComplaint,I want to file a complaint. The bins were emptied but they left half the rubbish on the pavement. Kids kicked it everywhere. Not acceptable.
ServiceComplaint,"your app notifications are useless, says collected when its not"
MissedCollection,"why always my street missed, not others?"
PositiveFeedback,Keep up the good work Greenbin!
ServiceComplaint,Team laughed at my complaint
MissedCollection,Bin wasn’t collected for the third week running. Please explain why and when it will be picked up. Very disappointed.
GeneralInquiry,"Hi, just moved to Somerset, can you tell me which day green bin collections happen for flats?"
ServiceComplaint,"I’m contacting you because your “replacement bin” process is ridiculous. Our bin was stolen (it happens) and your website says to request a new one, but then it asks for details you don’t actually provide anywhere. Then it says delivery could be “up to 21 working days” — so basically a month. Meanwhile you still expect us to present recycling, but in what? A shopping trolley? I’m in Frome and I’m not storing loose waste in the garden. I want a temporary solution or a faster replacement. And don’t tell me to buy one privately; we pay for a service and the bins are part of it."
MissedCollection,"Hola, mi contenedor no fue recogido ayer, ¿pueden ayudarme? (Spanish: MissedCollection)"
ServiceComplaint,why do your drivers always leave the bins on the grass instead of putting them back on the hard standing?? ruins the lawn!!
MissedCollection,missed recyclin collection. plz send someone.
GeneralInquiry,How do i order a new sticker for bins?
DamagedProperty,Wheel snapped off bin.
MissedCollection,Another missed collection. At this point it feels deliberate.
ServiceComplaint,The crew were very rude this morning and refused to take the bin because the lid was slightly open. Not impressed.
ServiceComplaint,Your driver reversed into my wall and just drove off! Absolute disgrace of a service.
MissedCollection,bin not collected 3 weeks running now. getting very angry about this
DamagedProperty,the big green bin crashed into my steps n chipped the edge. was fine b4. fix plz
MissedCollection,Can you advise on missed collection process?
GeneralInquiry,How do I report if my recycling bin is lost or stolen? Is there a fee for a new one?
MissedCollection,Nobody picked our bins up this week. Please help.
MissedCollection,bin collection never reliable
ServiceComplaint,Your website is a nightmare to navigate. Trying to find the bank holiday schedule is impossible.
MissedCollection,please collect my bin. you missed it. again.
DamagedProperty,"Your lorry damaged my garden wall this morning in Bridgwater and I am absolutely furious. The driver swung in too wide and clipped the corner, knocking loose bricks and scraping the coping stones. Don’t even think about pretending it “was already like that” — I have photos from last weekend and CCTV from my doorbell showing the impact and the vehicle. The crew then drove off without even knocking to inform me. That’s dishonest. I want this logged as a property damage claim immediately and I want someone from your insurance/claims team to contact me. I will be getting quotes for repair, and yes, you will be paying. If you ignore this, I’ll go through the council and small claims."
GeneralInquiry,do you take glass jars in the green bin or not?
MissedCollection,"no show today, pls rearrange"
ServiceComplaint,I’ve reported this twice already but no one seems to read it. Your customer service is awful.
PositiveFeedback,Always on time and never had an issue. Credit where it’s due.
DamagedProperty,My compost bin cracked at the base after being dropped.
PositiveFeedback,"really happy with our collections, keep up the good work"
GeneralInquiry,Can you tell me what plastics are accepted in the green bin?
MissedCollection,"hey greenbin, nobody came for the bins today, pls sort asap"
PositiveFeedback,Always impressed with how polite the team are in our area.
PositiveFeedback,Great job.
ServiceComplaint,The crew seemed careless.
MissedCollection,bin not collected mate!!!!!! been waiting since last thurs and nothing. bin day is supposed to be wednesday. what gives??
ServiceComplaint,Driver blocked my driveway and refused to move.
DamagedProperty,one of ur drivers left wheel tracks all over our grass and ruined it. this is NOT okay!!
DamagedProperty,The base of the bin is totally split. unusable
GeneralInquiry,"Lost my bin sticker, what to do"
DamagedProperty,Bin lorry has cracked my paving slabs where they parked. Going to need professional repair work done.
MissedCollection,missed collection today bin still full when will u come back??
MissedCollection,missed collection at BA11 2AB. blue bag still out.
MissedCollection,missed collection AGAIN.  victoria street.  getting fed up with this
PositiveFeedback,Was great to see careful handling of bins
PositiveFeedback,Great job GreenBin! Collection was super early this morning and everything was done perfectly. Thanks for being reliable! 🌱
PositiveFeedback,Top service from greenbin lads always bang on time and polite. nice one
PositiveFeedback,Always neatly placed after
MissedCollection,You missed my collection two weeks running now. Getting really frustrated. Can you send someone out this week?
ServiceComplaint,Your team always seems to finish early on my street but leave our bin full. Feels like we're being ignored.
MissedCollection,again missed. losing patience now. bin overflowing and smells.
ServiceComplaint,I’m sick of having bins left half-emptied every week. What kind of service is this?
DamagedProperty,Your worker dropped my bin from height and cracked the bottom. Please replace.
ServiceComplaint,Service quality has gone downhill recently.
GeneralInquiry,Can I change my collection day because of work?
MissedCollection,Green bin left on the pavement in Wells. Please send someone back.
GeneralInquiry,"Hello, is there a charge for an extra recycling bin? Interested in getting one."
ServiceComplaint,"Bins get thrown around like rubbish, no care at all."
MissedCollection,Missed collection AGAIN – can you sort this?
MissedCollection,Still no collection after reporting last time
GeneralInquiry,Do you collect hazardous waste like batteries?
DamagedProperty,"I am extremely angry about the damage caused to my property during the last collection. Your crew managed to crack the edge of my driveway while dragging the bin back, and then just left without saying anything. I only noticed when I got home. This is private property and the damage was clearly caused by careless handling. I expect this to be taken seriously and repaired."
GeneralInquiry,quick one - what can actually go in the brown food waste caddy thing? got some confusion about meat and bones. cheers
PositiveFeedback,Never missed a collection yet!
MissedCollection,I cant keep having this collection missed all the time
DamagedProperty,Your lorry clipped my garden wall this morning and drove off. There’s visible damage to the bricks.
GeneralInquiry,Are glass jars ok to recycle?  Do they need to be washed?
GeneralInquiry,Do you offer commercial recycling or just residential?
PositiveFeedback,good work during icy days
DamagedProperty,I noticed after collection that my fence panel has been knocked over and broken. It was fine before the bin men came. Please can you investigate and repair/replace? Thank you.
ServiceComplaint,The collection was so aggressive bins were left dented and rolled into the street. Unprofessional
DamagedProperty,"Bin cracked down the side after collection, looks like it got crushed. Need a replacement."
DamagedProperty,"Car mirror clipped by truck, very unhappy."
DamagedProperty,Damage occurred.
PositiveFeedback,Exceptional service quality! The team always handles our bins with care. Highly impressed!
ServiceComplaint,I called about a missed collection 2 weeks ago and still haven't heard back.
DamagedProperty,Damage to my wall caused by your staff today. Expecting contact.
MissedCollection,my collection was missed yestady. again. not happy
GeneralInquiry,What items are not allowed in the general waste bin?
MissedCollection,Third time missing bin in a month.
GeneralInquiry,What should I do if I've missed the collection deadline to put my bins out?
DamagedProperty,Car scratched by team leaving bins
MissedCollection,missed again today. second time in two weeks now.
MissedCollection,The whole cul-de-sac at St Mary's Close was missed today. The truck didn't even enter the street. We all have our bins out. Please can you send a crew back to us? We are a group of 10 houses. Thanks.
ServiceComplaint,There needs to be better communication when services are disrupted. Silence just leads to frustration. Complaining about the lack of updates.
PositiveFeedback,love the new blue bag system. much easier.
ServiceComplaint,Collections are getting later and later each week. Sometimes you don't arrive until evening.
MissedCollection,"Hello GreenBin team, Unfortunately our recycling bin was not collected on the scheduled date (Tuesday). Could you please arrange for a collection soon? Thank you."
PositiveFeedback,Thank you for such reliable service week after week. Really appreciate it!
PositiveFeedback,"Cant fault your service. Professional, efficient, and environmentally conscious.  Love it!"
PositiveFeedback,Just moved to Somerset and your service is fantastic compared to my old area. Reliable and friendly staff.
ServiceComplaint,The crew left my recycling scattered on the pavement. It took me 45 minutes to clean up. Why isn’t your team more careful?
ServiceComplaint,"Your app’s route tracker is always wrong. It showed the truck arriving at 7:15, but no one came until 10:30. This delay caused my family major inconvenience."
GeneralInquiry,What is the policy on putting out bins the night before?
DamagedProperty,😠 dayum! My gate latch came apart cuz yer crew handled it poorly. So annoyed right now!
GeneralInquiry,Do I need to rinse out tins and bottles before recycling?
PositiveFeedback,cant fault the service tbh. always on time and very professional
MissedCollection,bin not emptied. shocker. logging it so theres a paper trail.
DamagedProperty,Your worker dragged my bin across my driveway and left deep marks on the tarmac. Need this fixed.
ServiceComplaint,The lads were arguing loudly in the street this morning. Not very professional.
PositiveFeedback,GreenBin staff are always helpful and the service is consistent. Would definitely recommend
PositiveFeedback,"Bins collected on time, no issues at all."
GeneralInquiry,How much does it cost to get a replacement bin if mine is broken?
MissedCollection,no collection today?? waited all day and nothing. pls respond.
MissedCollection,"Yo, collection crew skipped us again (Wick Road, Burnham-on-Sea). Saw the lorry outside at 07:10, thought all good, but when I got back from the school run the green bin was still bursting. Glass rattling around everywhere. That’s three strikes in six weeks. Starting to think the sensors on the truck might be dodgy or maybe the new driver doesn’t like our corner spot. Either way we’re drowning in bottles after Christmas. The kids keep poking them with sticks and it’s only a matter of time before one smashes. Need you to swing by asap or point me to a local drop-off."
MissedCollection,bins still here...  not collected.  really need them emptied
MissedCollection,"no recyling pick up this week, bin still out, not first time"
MissedCollection,"Our recycling was due for collection on Monday and as of Wednesday, it’s still outside. Can you please update me on when it will be collected? This is becoming a pattern."
MissedCollection,They took the rubbish bin but not recycling??
PositiveFeedback,"Staff is always smiling and helpful, cheers 😊"
MissedCollection,"?? why no bin collexion TODAY, greenbin??"
DamagedProperty,Damage to driveway.
DamagedProperty,"GreenBin smashed the lid and hinge on our recycling bin in Taunton. I watched the worker yank it up, slam it down, and now the lid won’t close. So now rain gets in, it stinks, and then you’ll probably refuse to collect because it’s “too heavy”. The worst part is the attitude—he shrugged like it was nothing. It IS something because this bin is your equipment and I’m not paying for a broken one. I want a replacement bin or at least a replacement lid delivered urgently, not in three weeks. And I want confirmation you’ve recorded it as damage caused by your crew, not “wear and tear”."
MissedCollection,"hi team, recycling calendar says collection due today but truck never showed for our little hamlet (woodlea cottages, exford). roads are icy but passable; postie made it fine. we’re on the school run route so please could you prioritise? our bin is overflowing with cereal boxes and milk jugs. we have no garage so stuff is piling up in the porch. if conditions are too dangerous we understand, just drop a note so we can plan a tip run when daylight returns. thanks in advance and stay safe on the lanes."
PositiveFeedback,Top service from GreenBin Recycling!
DamagedProperty,my blue recycling bin has a huge crack down the side after last weeks collection. needs replacing asap
MissedCollection,bin missed. again. logging it. again. expecting a reply. again. lets see what happens this time.
ServiceComplaint,"absolutely shocking service, bin still here 5 days later"
MissedCollection,guys drive past my house never stop
DamagedProperty,My driveway wall was chipped by the lorry when reversing this morning.
ServiceComplaint,Bins always blocking the path
GeneralInquiry,What size bins do you provide and can I swap for a different size?
PositiveFeedback,Always positive about service
MissedCollection,My recycling bin wasn’t collected today even though it was out by 6am. Please advise.
MissedCollection,MISSED COLLECTION TUESDAY? ????
DamagedProperty,Your lorry damaged my gatepost. Need this sorted urgently please.
MissedCollection,missed pickup pls arrange asap
GeneralInquiry,Looking for info on commercial recycling options.
DamagedProperty,The bin lid is cracked after today’s collection. It was fine before.
PositiveFeedback,"Shout out to the crew today, working hard in the rain!"
PositiveFeedback,"Excellent!! World-class system—you’ve made recycling super easy for me, bravo 👏"
DamagedProperty,My bin is completely smashed after your collection last week. Looks like it was run over.
MissedCollection,4th time missed in 6 weeks. What is going on??
ServiceComplaint,Bin collectors blocking driveway and didn't apologise.
DamagedProperty,cracked bin AGAIN after crew emptied
DamagedProperty,Your vehicle has scratched my car while maneuvering in my narrow drive. Clear paint damage on passenger side.
MissedCollection,no pick up today even tho app said yes
MissedCollection,"bin not emptied AGAIN. i’m actually laughing at this point because it’s so bad. monday collection my arse. it’s wednesday and the bin is still full, flies everywhere, kids won’t go near it. don’t tell me it’s because it was ‘contaminated’ because it wasn’t, i KNOW what goes in there and i checked your website (painful experience btw). every time i ring i get told someone will ‘look into it’ and then nothing. honestly do you even have a route for this road or do you just flip a coin??? fix it. i’m sick of wasting my time filling forms like this. absolute joke of a service 😡😡😡"
MissedCollection,Bin not emptied for second week running. Getting ridiculous now.
GeneralInquiry,when is the next bank holiday collection change? my calendar says next monday is a bank hol but not sure if bins move
MissedCollection,"Truck came yesterday but didn’t empty ours, odd."
PositiveFeedback,Big thanks to the workers out in terrible weather today.
GeneralInquiry,How to recycle hangers
PositiveFeedback,"Just wanted to say thanks to the lads on the green truck today, always friendly and quick 👍"
MissedCollection,"why is it always our house??? everyone else’s bin gets done eventually but ours just sits there like a green monument to incompetence. same spot, same routine, same problem. if there’s an issue with the address then FIX IT. i’m done being polite."
DamagedProperty,side mirror snapped on my van while you were collecting
ServiceComplaint,"Tried calling twice this week, no answer either time."
MissedCollection,"bin not emptied, ref 12345"
GeneralInquiry,How long does it take to get a replacement bin after reporting damage?
ServiceComplaint,"Drivers keep stopping right across the junction, causes chaos at school run."
DamagedProperty,"Fence scratched, bin slammed into it. not ok."
ServiceComplaint,You REALLY need to sort out the call hold time
MissedCollection,recycling guys drove right past my house and didn't stop? why?
MissedCollection,"nothing picked up, kids nappies piling up, not happy"
DamagedProperty,Our outside tap was broken by the collection truck and its costing us to fix
ServiceComplaint,Your driver was playing very loud music at 6:30am this morning. Woke the whole street up. Not acceptable!
PositiveFeedback,"Great service even in bad weather, respect to the crew."
MissedCollection,missed pickup AGAIN!!! im working from home and watched the lorry drive straight past
GeneralInquiry,How do I report a lost bin? Someone nicked mine last night.
PositiveFeedback,"very happy with the new food waste caddy scheme, easy to use and collection is spot on every time"
PositiveFeedback,"Just wanted to say thanks to the driver this morning, always friendly and careful with the bins 😊"
ServiceComplaint,"Hi, I’ve noticed the collection crews often spill recycling onto the street and don’t pick it up. Happens every week. Very frustrating."
MissedCollection,Recycling not collected. AGAIN. I’m fed up of calling every week. Sort it out!
PositiveFeedback,"Excellent service overall, collections are reliable and the staff do a great job."
DamagedProperty,damaged wall during collection.
GeneralInquiry,"Hello, how long does it take to get a new bin delivered after ordering?"
GeneralInquiry,Is there a phone number to call?
ServiceComplaint,No follow-up after my last report.
MissedCollection,collection skipped today
MissedCollection,"hey my bin didnt get emptied, put it out same as always"
DamagedProperty,lid smashed on my green bin after collection 😡
GeneralInquiry,Do I need to rinse every bottle?
MissedCollection,"Hello, I noticed that my recycling bin was not collected yesterday. Could you please let me know why? Thanks."
DamagedProperty,My bin is damaged after collection.
DamagedProperty,ur man put the bin back so hard it cracked my nice new patio slab. what compensation am I getting??
DamagedProperty,"Hi GreenBin, your lorry damaged my driveway curb this morning. Please can someone come and assess?"
MissedCollection,Missed bin. EX3 postcode. Please come back.
ServiceComplaint,your staff were very rude when I tried to ask a question this morning.
DamagedProperty,your staff broke my wheely bin lid
MissedCollection,"Bin day was yesterday and nothing's been taken. Green bin still full, food waste starting to smell. Please advise."
GeneralInquiry,Just checking when the next collection is after Christmas.
MissedCollection,third week in a row no pickup. unacceptable
MissedCollection,"anothr week, anothr missd bin. Not cool guys. HELPP!!!"
DamagedProperty,"Hi GreenBin team, unfortunately the driver damaged my driveway curb while collecting today. Could someone come and assess please? Thank you."
MissedCollection,no 1 came 2 collect the bins AGAIN. 3rd time in 2 months!! can u pls fix this. its the green bin btw. thanks.
ServiceComplaint,Not happy at all!!! same issues every month!!!!
PositiveFeedback,"Just wanted to say a big thank you, your drivers are always so polite and do a fantastic job 👏👏"
PositiveFeedback,Good service all year
DamagedProperty,damage to my wall by collection team needs fixing
ServiceComplaint,why do u always leave the lids open? its gonna rain.
PositiveFeedback,kids love the truck
GeneralInquiry,Do you offer a commercial waste collection service? Looking for quotes for our small business
ServiceComplaint,Bins left blocking driveway.
GeneralInquiry,"Good afternoon, I’m considering switching to GreenBin Recycling for my household. Could you please let me know what materials you accept, your pricing tiers, and how to schedule an initial pickup? Thank you."
MissedCollection,"Collection missed, dog got into the rubbish now. great."
MissedCollection,"guys, bin still here, didnt pick up :("
ServiceComplaint,Bins left blocking the driveway for hours after collection. Very inconsiderate.
ServiceComplaint,no response to my complaints at all
GeneralInquiry,Do you guys offer commercial recycling services in Bath?
MissedCollection,bin still waiting to be emptied
MissedCollection,"hello, my bin was not picked up today at BA11 4LD. i checked with my neighbors and they said theirs were done around 10am. mine was out since 6am. can you please check if there was a problem with the truck or if they just missed my house? i really need it emptied as it is full of cardboard from moving house. thank you."
ServiceComplaint,Issue unresolved.
DamagedProperty,"My recycling bin was returned smashed into my wall, leaving dents and chipped brickwork. This was absolutely caused by careless handling. I expect repairs to be arranged."
ServiceComplaint,i want to know why no one answers my emails
ServiceComplaint,driver not careful reversing – dangerous
MissedCollection,missed again... starting to think our house is invisible lol
GeneralInquiry,please send calendar for jan-march
ServiceComplaint,Collection was late by almost 3 hours and left rubbish all over the road.
GeneralInquiry,"Bonjour, j’aimerais savoir si vous proposez des bacs de recyclage plus petits pour les personnes âgées vivant seules. Merci! I am asking on behalf of my grandmother who struggles to wheel the full-size bin down her steep drive and would benefit from a lighter option."
ServiceComplaint,team always chatting not doing the job
PositiveFeedback,Just wanted to say cheers to the Friday collection team 😁
MissedCollection,Bins out but ignored again
GeneralInquiry,How do I dispose of old paint tins?  Can they go in normal recycling?
MissedCollection,Missed again. This is a joke. When are you actually gonna empty our bin??
MissedCollection,"Our bin was left untouched while others nearby were emptied, bit confused."
GeneralInquiry,what time does the collection usually happen on fridays in TA1 area?
MissedCollection,Mark my home as a miss. Need action plz.
DamagedProperty,the collection vehicle hit my gatepost this morning. There is visible damage. Please send someone to assess.
DamagedProperty,Solar lamp bust again
GeneralInquiry,"I have a general enquiry regarding assisted collections. A family member living with me has mobility issues, and I’d like to know if there’s a service where the crew can collect the bin from closer to the house rather than the kerb. Please let me know what information you need from us and how to apply. This would make a big difference to our household. Thank you for your time and support."
DamagedProperty,they bent my bin when emptying it today. its all wonky now and doesnt close properly anymore
GeneralInquiry,"Hello, do you offer larger bins for households with more than 5 people? Ours is always full before collection day."
ServiceComplaint,The crew left rubbish all over the road.
DamagedProperty,🤬 Damn ur truck snapped off part of our mailbox! Plz TAKE RESPONSIBILITY NOW.
ServiceComplaint,"Always late, sometimes early, zero consistency."
MissedCollection,"No show today, what's the excuse now?"
DamagedProperty,"Good afternoon, we discovered today after the collection that our garden wall has been chipped."
MissedCollection,"This is the third time in two months you’ve failed to collect our recycling in Wells. THIRD. Do you actually have a supervisor or is everyone just making it up as they go along? The bin was not overfilled, no loose waste, nothing blocked. I even moved my car to make it easier because last time you blamed ‘access’. Still not collected. Now the bin is full and we’re heading into another week with nowhere to put recycling, which defeats the whole point. I want a written explanation of what happened and what you will do to stop it. If you cannot provide reliable service, tell us and we’ll take it up with the council formally."
MissedCollection,missed my bin... again. 😡
DamagedProperty,The bin lorry cracked our driveway edging while turning.
ServiceComplaint,"The lid on my new bin doesn't close properly, very poor quality."
PositiveFeedback,Great company to deal with. Very happy with everything.
ServiceComplaint,"Hallo, ich bin wirklich genervt von eurem Service in Taunton. Mostly I write in English but honestly I’m so annoyed I’ll say it bluntly: your communication is terrible and the staff on the phone are rude. I tried to ask what to do with tetra pak cartons and got told “google it”. Unbelievable. I’m paying for a service, not a scavenger hunt. Please provide a clear list for what goes in the GreenBin recycling and stop sending people in circles between leaflets, PDFs, and outdated web pages. If I get another snippy reply, I’ll escalate formally. Danke."
MissedCollection,"Hey the bin guys must have blinked and missed our drive lol. Put the recycling out at silly o’clock this morning, still there mocking me. Only cans and a mountain of wrapping paper after hosting family. I’m five months pregnant and can’t keep dragging the thing back and forth. Address is 27 Lilac Rise, Yeovil BA21 3QS. Please pop back when you can, promise I’ll reward with homemade cookies next time. Seriously though, the foxes get bold at night and last time they shredded the bag of plastics all over the lawn; spent ages picking shards out while nauseous. Really don’t want a repeat."
DamagedProperty,"During the last collection, my wheelie bin was returned to the pavement with a broken lid and cracked side. It was in good condition beforehand, and now it barely closes. I assume it was damaged during emptying or handling. While this may seem minor, it means the bin is no longer weatherproof and could attract pests. I would like to request a replacement or repair, as this damage was not caused by misuse on my part. Please let me know the next steps."
MissedCollection,"No bins picked up, second week in row"
ServiceComplaint,Your staff were extremely rude when I called to ask about our collection. Very disappointed with the customer service
PositiveFeedback,Really appreciate the friendly wave every week 😊
GeneralInquiry,Do you recycle tetra pak cartons or should they go in general waste?
ServiceComplaint,"To GreenBin management, please improve the accuracy of the online live-tracker. On the last two occasions it showed completed while our entire block was still waiting, leading people to assume they had been skipped and clogging your phone lines with calls. The technology is great when it works but reliability matters. Kindly escalate to your IT vendor and update the community when fixed. We support digital innovation but bugs defeat the purpose and erode trust."
MissedCollection,missed pickup today... not sure why 🤷‍♂️ neighbours got theirs done
DamagedProperty,garden edge ruined by truck
GeneralInquiry,i need a new glass box. how much r they?
ServiceComplaint,"Fucking wankers left my wheelie bin in the middle of the driveway again, had to move it myself in the rain. Do better."
PositiveFeedback,Excellent reliable service. Makes recycling so much easier. Thank you GreenBin!
MissedCollection,"hi greenbin, my bin is still full after collection day? not sure if truck came down the lane at all"
PositiveFeedback,you lot are legends!! always bang on time and polite. keep it up 💚
MissedCollection,No pickup for recycling on Tuesday as scheduled. Everyone else on the road missed too.
ServiceComplaint,I've emailed twice and no response.
ServiceComplaint,Yesterday the collection was really noisy before 7am. It woke the whole street up. Could you please ask them to be quieter?
DamagedProperty,Your men damaged my nice new fence when emptying bin. Want it fixed.
PositiveFeedback,"No problems at all, just saying thanks."
DamagedProperty,Your truck hit my fence this morning and cracked two panels.
ServiceComplaint,"I am extremely dissatisfied with the lack of response from customer services. I submitted a query over a week ago and have heard absolutely nothing back. No confirmation, no update, nothing. This level of communication is frankly shocking for a public service. If you are understaffed, say so. If there are delays, explain them. Silence is not acceptable. I expect to be treated like a paying resident, not an inconvenience. Please confirm you have received this message and advise when I can expect an actual response from a real person."
DamagedProperty,"Your crew managed to knock over and crack my ceramic plant pot while dragging the bin back. It might seem minor to you, but it was expensive and had sentimental value. No note was left, no apology, nothing. I had to see it myself afterwards. This lack of care is unacceptable and I expect compensation or replacement."
MissedCollection,bin missed. again. please acknowledge.
MissedCollection,no pickup 2day. pls help.
PositiveFeedback,Very happy with the service provided. Thank you GreenBin!
ServiceComplaint,"I am writing to express my dissatisfaction with the way my previous complaint was handled. I received a generic response that did not address any of the points I raised. This is not acceptable. If you are going to ask customers to provide detailed feedback, the least you can do is read it properly."
ServiceComplaint,site has wrong info for our area
PositiveFeedback,Thanks for sorting the missed collection so quickly!
ServiceComplaint,Why not put the bins back neatly?
PositiveFeedback,"super friendly service every time, well done!"
ServiceComplaint,Collection driver blocked the whole street for 20 minutes while chatting on phone.
PositiveFeedback,Quick and efficient. Thank you GreenBin!
GeneralInquiry,Is there a charge for extra bags?
MissedCollection,missed AGAIN. whats going on greenbin??
ServiceComplaint,the people collecting are careless
DamagedProperty,Your truck damaged my gate this morning and now it will not close properly. This is a security issue. I need this acknowledged immediately.
MissedCollection,collection didnt happen on scheduled day.  bin still sitting here full
GeneralInquiry,Can we arrange a different collection time that works better for our schedule?
ServiceComplaint,The collection times keep changing without notice. This is the second week I've missed work waiting for you. Very poor communication.
PositiveFeedback,Great job guys! My street looks so much cleaner since you took over. Well done GreenBin team 👏👏
GeneralInquiry,"Hello, can I get a second recycling bin as we have a large family?"
MissedCollection,BIN NOT COLLECTED LAST WEEK!!! !!!
ServiceComplaint,Phoned your helpline multiple times.  Everyone is unhelpful and dismissive.  Terrible experience
MissedCollection,Our recycling collection scheduled for today did not take place. The bin remains full and on the kerbside. Please confirm when it will be collected.
DamagedProperty,"Hello, during the last collection my kerbside food caddy was crushed by the lorry. It's completely unusable now. Please can I arrange for a replacement? Many thanks."
MissedCollection,bin out. not emptied. nothing new.
DamagedProperty,Broken fence panel due to your bin men. I want this sorted.
GeneralInquiry,can i watch my bin get picked up (son loves trucks)?
ServiceComplaint,"I’m lodging a complaint about repeated late arrivals and inconsistent service times in Minehead. Your site claims collections occur ‘within the day’, which is meaningless. We’ve had the lorry arrive at 7am, 2pm, and once after 7pm. I’m not leaving bins out all day for them to blow over, block neighbours, or get rummaged through. If you can’t provide a reasonable time window, at least provide real-time route tracking that actually works. Also, when I called, the agent acted like I was being unreasonable for asking when to expect the collection. No. You’re the service provider. We’re allowed to expect predictability."
MissedCollection,once again not collected. im running out of polite ways to say this. bin was out. nothing wrong with it. end of story. do better.
ServiceComplaint,The noise from the collection truck is absolutely ridiculous. 5am on Sunday morning!
DamagedProperty,Your lorry smashed my front garden fence last collection day. Who's paying for this damage??
ServiceComplaint,I have submitted multiple forms regarding different issues and have yet to see any meaningful improvement. The lack of accountability is frustrating and frankly unacceptable. I would appreciate a response from someone who can actually make decisions.
ServiceComplaint,The bin men were shouting and swearing loudly outside my house this morning. Not acceptable in a family area.
PositiveFeedback,Just wanted to say thanks to the crew on the Friday round – they helped my mum bring the bin back in. Really appreciated 👍
ServiceComplaint,Why do the times keep changing with no notice? Makes planning a nightmare.
ServiceComplaint,Your company allows racist employees. One of your drivers shouted p*ki at me. I will be reporting this.
MissedCollection,"Bin left out, not collected. Need this sorted, thanks."
ServiceComplaint,"Your website says one date, collections come another… very confusing and frustrating!"
MissedCollection,"bin not emptied AGAIN 😡 third time this month, what's going on?"
PositiveFeedback,"Happy with the service, cheers."
DamagedProperty,Bin crushed completely.
PositiveFeedback,"Thank you for sorting the missed collection so fast last week, great response time."
DamagedProperty,Kerbstones cracked where the truck mounted the pavement.
GeneralInquiry,Do you accept plastic bags or should everything be loose in the bin?
MissedCollection,recycling not collected but neighbours was??
MissedCollection,"Nobody collected our recycling yesterday. Address is correct on the system, please check."
GeneralInquiry,Is there a weight limit for bins?
ServiceComplaint,"Complaint logged, no response."
DamagedProperty,the truck backed into our bins and squashed them flat. need new ones ASAP
GeneralInquiry,"Do you take old batteries? I have a bag of AA and AAA batteries and I'm not sure if I should put them in a bag on top of the bin or if they need to go to the tip. Please let me know the correct procedure. Thanks, Mike."
GeneralInquiry,replacement wheels for old bin?
ServiceComplaint,Your drivers are dangerous. Speeding down residential streets.
GeneralInquiry,Do you take glass jars in the green bin or do they need to go somewhere else?
DamagedProperty,"My wheelie bin lid is completely smashed after collection, looks like it was forced."
GeneralInquiry,Do you offer a clinical waste collection service for sharp objects? My husband has started home treatments and we need a safe way to dispose of the needles. Thank you for your help.
MissedCollection,missed again... 3 weeks in a row now. i am paying for this service u know??? 😡😡😡
ServiceComplaint,"Honestly where do I even start. Website crashes half the time, phone lines always busy, and when you do get through the person sounds like they’re reading from a script and doesn’t actually listen. I’m not asking for miracles, just basic competence. If this is how GreenBin Recycling operates then something is very wrong internally. Get it together."
GeneralInquiry,"I’m new in town, how do I set up my collections?"
GeneralInquiry,Can you provide details of your commercial recycling services for small businesses in Somerset? Interested for my shop.
MissedCollection,COLLECTION MISSED THIS WEEK WHAT IS GOING ON
PositiveFeedback,"Love the new compost bins, thank you"
ServiceComplaint,Your crew are bloody useless. Threw someone else's rubbish into my garden. Disgraceful.
DamagedProperty,The binmen have broken my gate latch trying to get access to my bins. It was working fine yesterday.
DamagedProperty,Large scratch down the side of my vehicle caused by your collection truck today.
MissedCollection,still waiting for collection at 14 Meadow lane. pls advise.
DamagedProperty,Wall chipped after truck too close
ServiceComplaint,Why is the collection always late? Every fucking week we have to wait till afternoon. Shocking service.
GeneralInquiry,GeneralInquiry: request for extra glass crate.
MissedCollection,NO COLLECTION TODAY EITHER!! Bin full since Xmas. Sort it out!!!
MissedCollection,My recycling bin wasn't collected today on Meadow Lane even though it was out by 7am. Can you please check?
DamagedProperty,my flowers got flattened by your workers dragging bins
PositiveFeedback,Outstanding job as always by your staff collecting in heavy rain today. Looked exhausting!
ServiceComplaint,The driver was rude when I came out to ask about my bin. Very unprofessional behaviour.
ServiceComplaint,can’t get through on phone ever
GeneralInquiry,"Hi, what happens if I put non-recyclable waste into the wrong bin by accident?"
ServiceComplaint,Your app keeps sending me notifications for the wrong day. Very unreliable.
ServiceComplaint,Why do your drivers always leave my bins in the road? Very hazardous and inconsiderate.
ServiceComplaint,Your app says collected but it definitely wasn’t. That’s misleading.
MissedCollection,when r u gonna take these bins??? been 2 days overdue now!!!
DamagedProperty,the collection lorry ran over my garden hose.  im sending you the repair bill
PositiveFeedback,Really pleased with the service. Everything always done properly and on time. Great job!
ServiceComplaint,Your phone line keeps cutting me off. Trying to sort a simple issue shouldn’t be this hard.
MissedCollection,missed bin at BA3 2QN. pls help.
MissedCollection,Why skip my road always
GeneralInquiry,When exactly will the new collection schedule come into effect?
DamagedProperty,"bin fell, hit gate, now broken"
MissedCollection,wtf no pickup again
ServiceComplaint,The bin men threw my bin about like it weighs nothing and now the wheels are broken. Very careless behaviour.
MissedCollection,"THIS IS A JOKE. bin not emptied AGAIN. how many times do i have to say it. i put it in the same place every week. i follow the rules. nothing wrong with it. yet you keep skipping it. im honestly starting to think your staff just cant be bothered. ive taken photos, ive got dates, and im keeping a record now because this is beyond annoying. im a busy person and dont have time to keep filling in forms. get someone to come back and empty it or tell me straight if you are incapable of doing your job properly. unbelievable service."
MissedCollection,"Bin not collected, again, please help."
MissedCollection,No one picked up our recycling this week
PositiveFeedback,Missed collection was sorted quickly after I reported it.
DamagedProperty,"Dear service team, while emptying the bottle box your operative dropped several glass jars onto our patio, smashing them and chipping one of the sandstone slabs. Please contact me regarding repair or replacement. The slabs were laid this summer and match the rest of the garden, so we’d like an exact colour match. Thank you for your attention."
MissedCollection,Where the bloody hell were you this morning? Bin still sitting here full of rubbish you useless pricks!
GeneralInquiry,Can extra cardboard be left beside the bin if needed?
GeneralInquiry,How do I recycle old plastic bags if the bin collector does not accept it?
MissedCollection,"hiya, just letting you know our recycling wasnt picked up today. might be a simple mistake but thought id flag it. address is on the normal route. let me know if you need anything else."
PositiveFeedback,"Great service today, bins emptied quickly and neatly 👍"
ServiceComplaint,"staff always in a rush, not careful"
MissedCollection,recycling still on curb not picked up two weeks now
ServiceComplaint,"I’m complaining about the repeated failure of your email updates. I signed up for notifications, and I either get them at 11pm the night before (useless) or not at all. Then when the lorry comes early, half the street hasn’t put bins out and you mark us as “not presented”. It’s like a trap. I’m in Wellington and the service feels designed to shift blame onto residents. If you can’t provide reliable notifications, stop advertising them as if they solve anything. And please don’t suggest I “just put the bin out the night before” because foxes and wind exist. Fix your comms or admit they don’t work."
GeneralInquiry,How do I report fly tipping?
PositiveFeedback,"Just brilliant.  Prompt, reliable, and your staff are always polite. Very impressed with GreenBin Recycling"
MissedCollection,"Didn’t get collected, maybe driver error?"
ServiceComplaint,why do u leave the bins in the middle of the driveway every time?? i have to move them before i can get my car out. happened 4 times this month already. fix it pls
MissedCollection,Recycling not collected as scheduled. Awaiting resolution.
DamagedProperty,"Driver knocked over my wall slightly, bricks loose now."
ServiceComplaint,"service is meh lately, used to be better"
ServiceComplaint,"This is about your refusal to collect bins that have the tiniest bit of “wrong” material. I had ONE yoghurt pot lid that apparently wasn’t acceptable, and instead of removing it (like any sensible person), your crew refused the entire bin and put a bright sticker on it like I’m some kind of criminal. I’m in Street, and honestly the attitude is the worst part. It’s punitive and embarrassing, and it makes people give up. If you want better recycling, educate without humiliation. Provide clear info, not gotcha rules. I want you to review the policy and tell me if crews are allowed to reject a whole bin for something that small."
MissedCollection,"missed the bin again at park st, need to arrange"
GeneralInquiry,When is the next collection for garden waste?
MissedCollection,bin not collected today
DamagedProperty,The truck reversed into our gate 😬 it’s bent and won’t shut properly now.
MissedCollection,didnt collect my recycling AGAIN. this is becoming a pattern.
ServiceComplaint,"Hello, twice now your automated phone system has hung up after three minutes on hold. Frustrating when I’m trying to report a damaged food waste caddy. Please consider increasing the queue length or adding a callback feature. Otherwise we’re stuck cycling through menus endlessly without resolution. Would appreciate feedback on planned improvements."
GeneralInquiry,Can I pause service while away?
MissedCollection,"Hello, our blue recycling bin has not been emptied for two consecutive weeks. Please could you arrange collection. Many thanks."
PositiveFeedback,Well done for improving service
GeneralInquiry,Could you confirm whether you collect glass bottles separately or should they go in the mixed recycling? The leaflet is a bit unclear.
DamagedProperty,the new bin you provided leaks from the bottom
MissedCollection,My bin wasn't picked up today in Taunton. It's been sitting out since 7am.
ServiceComplaint,"this service is getting worse tbh. bins late, sometimes early, sometimes not at all. no consistency. ive called before and sat on hold forever, then got told 'we'll look into it' and nothing happened. whats the point? we pay council tax and expect basic stuff like rubbish and recycling to work. not asking for miracles, just some organisation. also the app never updates properly, says collected when it clearly wasnt. pls sort it out."
PositiveFeedback,"Service has improved loads compared to last year, well done."
GeneralInquiry,what's the customer helpline? need to call
ServiceComplaint,why change routes without telling ppl??
PositiveFeedback,Thank you for the new recycling bin you delivered last week. It's much better quality than the old one. Great customer service from start to finish!
PositiveFeedback,Just a quick message to say how much I appreciate your service. Never had any issues in the 2 years I've been with you.
DamagedProperty,"After today’s collection, I noticed a large scrape along my parked car where the bin had been dragged into it. The paint is damaged and this was absolutely caused during your collection. I am furious that no one informed me at the time. This is not a small issue and I will be seeking full repair costs."
PositiveFeedback,Thanks for going the extra mile and taking my extra cardboard.
PositiveFeedback,Great job GreenBin team! Keep up the good work!
GeneralInquiry,What items are allowed in the green bin?
PositiveFeedback,Always clean after
MissedCollection,"hey, recycling wasn’t picked up on my street (quantock view) but food waste was. do i leave it out or bring it back in?"
PositiveFeedback,Thanks!
MissedCollection,"We put the bin out late last night and it’s still there this evening, guessing it was missed"
GeneralInquiry,What about old TVs recycle?
MissedCollection,missed collection again!!  wheres my recycling bin???
GeneralInquiry,Do you operate on Saturdays?
ServiceComplaint,absolutely shocking service. bin men threw my recycling everywhere on the pavement. took ages to clean up. not happy at all
GeneralInquiry,"Hello, can I put old batteries in the normal recycling bin or do I need to take them somewhere special? Thanks!"
DamagedProperty,Your truck scraped along my parked car and left a big scratch down the side 😠
ServiceComplaint,Why do we have to leave bins out the night before when you sometimes don’t come until late afternoon? Can we leave them out later?
MissedCollection,Recycling not collected.  been waiting for 5 days now
DamagedProperty,Fence knocked loose by crew
ServiceComplaint,Bins left at road dangerous
MissedCollection,"Your crew has skipped our recycling AGAIN today (Friday) in Bridgwater, and I’m honestly at my limit. The green bin was out at the kerb from 6:15am, lid closed, nothing “contaminated”, and you still drove straight past. Meanwhile my neighbour’s was emptied, so don’t try the usual excuse that the road was blocked. This is becoming a weekly hobby for GreenBin. I pay council tax like everyone else and I shouldn’t have to babysit a bin. I want this collected within 24 hours and I want confirmation that you’ve logged this properly, not just a generic email. If it’s not collected, I’ll be sending photos to Somerset Council and posting in the local Facebook group."
MissedCollection,Hi there - our recycling bin wasn't collected this morning. It's still sitting on the street.  Can you please arrange a collection ASAP?
MissedCollection,"Please help - collection missed again. 27 Maple Road, Bridgwater."
DamagedProperty,when the bin lorry came yesterday they smashed into my front garden wall!! big chunk missing now. address 45 rosewood avenue. please contact me urgently about compensation!!
ServiceComplaint,"Your website form keeps crashing, very frustrating."
ServiceComplaint,GreenBin really needs to improve response times to customer queries.
GeneralInquiry,Plastic tray recycling yes?
MissedCollection,our bin is still there full as ever...
ServiceComplaint,Your team keeps mixing up which bin they take. Half the time they take the wrong one!
DamagedProperty,"Your truck reversed into my wall this morning!! Big dent now, please contact me urgently 07891234567"
ServiceComplaint,Not happy with online complaints being ignored
PositiveFeedback,"Never had a problem, very efficient."
ServiceComplaint,"This is a complaint about the online reporting system. It crashes, logs me out, and then says my issue is resolved when it clearly is not. I should not need a degree in IT to report a simple problem. Please fix your systems."
GeneralInquiry,what time do u collect in minehead?
DamagedProperty,Car got scratched. Someone must have brushed it with the bin.
DamagedProperty,"The truck hit my curb stones, need repair"
MissedCollection,missed collection. pls help.
MissedCollection,our bin missed AGAIN... please tell the crew to check Highfield Road next time.
MissedCollection,bin not collected AGAIN for 3 wks grr
ServiceComplaint,This is unacceptable service.
GeneralInquiry,Can you recycle pizza boxes?
MissedCollection,"Hi, I live at 45 High Street, and my recycling wasn’t collected on Thursday morning. Can you confirm new collection date? Cheers."
DamagedProperty,My car bumper scraped.
GeneralInquiry,Is there a charge for replacing a lost recycling bin?
MissedCollection,No pickup today. Please reschedule.
ServiceComplaint,staff member was rude when i asked a simple question.
ServiceComplaint,"Your crews keep leaving the bin lids open so the rain fills them up. Then next week you slap a “bin too heavy” sticker on it. Do you see how ridiculous that is? You create the problem, then punish residents. I’m in Burnham-on-Sea and this has happened multiple times. I want you to instruct crews to close lids properly and return bins upright, not tipped over. It’s basic. Also, the sticker tone is patronising. I’m not a child. If you want compliance, communicate clearly and respectfully. Otherwise you’ll keep getting angry messages like this, because you’re earning them."
MissedCollection,bin missed again what’s happening?
ServiceComplaint,Staff rude when I asked a question.
PositiveFeedback,team always cheerful
MissedCollection,hi why hasnt my recycling been collected? its been 10 days
ServiceComplaint,don’t like how u guys handle the bins… they bang them onto the truck and spill stuff everywhere. pls train your staff better!
MissedCollection,MISSING BIN COLLECTION. Pls can u look into this asap
GeneralInquiry,Where can I view my pickup schedule online?
GeneralInquiry,How to order garden bags
MissedCollection,"why was our street skipped? all bins still out, queens road, frome."
GeneralInquiry,How often should we put the food caddy out? Is it weekly or fortnightly?
MissedCollection,"Good evening, just reporting that the recycling crew didn’t collect our bin from Hillside Farm, Oakhill, this afternoon. I spoke to the driver last month about the steep track—he said no problem as long as the surface stayed dry—yet today they stopped halfway and reversed out. Weather was clear. The bin is at the gate now, cows keep nudging it. Could a smaller vehicle come tomorrow morning? Otherwise I might have to load everything into the livestock trailer and that’s hardly hygienic. Appreciate a quick response before the forecasted rain turns cardboard into pulp across the yard."
GeneralInquiry,What do I do with old household paint? Disposal guidelines unclear. Plz clarify.
MissedCollection,bin left out last 2 days no collection
PositiveFeedback,Big thanks to your team!  They went above and beyond to help when my elderly neighbour couldn't get her bin out. True community spirit!  👏
ServiceComplaint,Absolute shambles of a company. Bin men left black bags ripped open all over the street. Lazy bastards.
PositiveFeedback,thanks for the extra bin bags last week!
GeneralInquiry,Can you let me know if you offer commercial recycling services for small offices? We’re considering switching providers.
ServiceComplaint,Your drivers keep turning up late lately and it's really frustrating tbh.
MissedCollection,no show today for collection. rosemary close
MissedCollection,"left my stuff at kerb like always, u missed, whY"
ServiceComplaint,"Crew arguing loudly outside our house at 7am, woke the kids up. Not acceptable."
ServiceComplaint,email responses take forever. still waiting after 10 days
ServiceComplaint,"always mess after u go, not tidy"
PositiveFeedback,All good.
GeneralInquiry,how do i sign up for the garden waste collection service please?
ServiceComplaint,You keep missing green bin not blue. FIX IT
DamagedProperty,someone from your team smashed my solar lamp
GeneralInquiry,Do you collect batteries or should they go elsewhere?
GeneralInquiry,How to update my address details?
PositiveFeedback,"Very helpful team, lovely"
MissedCollection,Still waiting for collection since Monday!!! this is getting silly!!!
DamagedProperty,"Dog bowl smashed by dropped bin, not happy"
ServiceComplaint,Your driver was extremely rude when I asked a simple question.
PositiveFeedback,Excellent service every week without fail. Keep it up! 🌿
MissedCollection,"missed collection today, raining now so rubbish soaked 😒"
PositiveFeedback,"Quick note to say the new schedule is working well for us, much appreciated."
DamagedProperty,collection crushed the recycling box flat 😠
ServiceComplaint,collection times are all over the place. makes planning my day very difficult
ServiceComplaint,been with u for years but lately the collections are getting later and later. used to be 8am now its 4pm sometimes. not good enough when u got kids and work. pls explain whats going on??
DamagedProperty,Your staff broke the handle on my food caddy. I need a new one ASAP.
GeneralInquiry,I need a larger bin for a family of 6. How do I apply?
MissedCollection,Not collected this week...  getting really fed up with this service
MissedCollection,"Bin men skipped our house, rest of road done. pls explain."
DamagedProperty,"Bin wheel broken clean off, unusable now."
ServiceComplaint,Not impressed with the new schedule tbh.
PositiveFeedback,"Absolutely wonderful service.  Reliable, punctual, and the staff are always friendly and helpful."
ServiceComplaint,Your customer service phone line is always busy. Very poor.
MissedCollection,"bin not collected. no note. no email. nothing. it’s honestly getting ridiculous now. I left it out overnight, didn’t overfill it, and followed all the rules. still skipped. I don’t know if the crew just didn’t see it or what, but this is not a one off anymore. I’ve logged it before and it keeps happening. I don’t want apologies, I want the bin emptied. Please confirm when someone is coming because I can’t keep storing rubbish. also please fix whatever system is flagging my house wrong. thanks."
ServiceComplaint,"Loud noise at 6am woke my whole house, can it start later?"
ServiceComplaint,Your service has gone downhill recently.
DamagedProperty,"your lorry smashed my fence this morning. i heard a bang, looked out, and the recycling truck was pulling away. wooden panel snapped clean in half. no note left, nothing. this is NOT ok. i work nights and was asleep, so couldnt come out straight away. fence now unsafe and needs fixing asap. who do i talk to about this because im pretty annoyed right now."
PositiveFeedback,👍
MissedCollection,"Put bin out night before, still not emptied."
ServiceComplaint,Driver left a mess of paper all over my driveway. Didn't even bother to pick it up.
MissedCollection,"Truck drove past without stopping, I saw it myself."
ServiceComplaint,"service quality has dropped, collections late or rushed."
ServiceComplaint,Not friendly staff lately
PositiveFeedback,Big thanks for text updates before delays
DamagedProperty,"Your crew damaged our gate in Wells by dragging the bin across the driveway and catching it on the hinge. Now the gate doesn’t close properly and it’s scraping the ground. I know it was your staff because I heard the bang and looked out, and they were already walking away like nothing happened. I’m not paying to fix something your employees broke. Please log this as DamagedProperty and tell me exactly what information you need for compensation. I can send photos, and my neighbour also witnessed it. I’m not interested in excuses or “we’ll remind the crew”. I want it repaired or reimbursed. Simple."
GeneralInquiry,How do I complain formally?
MissedCollection,My bin is still full. It was out on time. 07:00.
ServiceComplaint,Phone line never answered. Online form took days to get a reply.
GeneralInquiry,is pizza boxes okay in the cardboard bin if they have grease?
MissedCollection,my flat always missed
ServiceComplaint,Your customer service line keeps cutting off and no one replies to emails. very frustrating.
MissedCollection,bin still full!! collection day was yesterday?? whats going on
GeneralInquiry,¿Reciclan televisores viejos? I have an old CRT monitor I need to get rid of safely.
ServiceComplaint,The noise from the truck at 6am is ridiculous. Can't you start later?
DamagedProperty,the bin they returned isn’t ours and it’s damaged too
DamagedProperty,"bin lid smashed after collection, hinges broken."
MissedCollection,no show today
MissedCollection,My street didn’t have any collections this week. Can you tell me if there’s a delay or reschedule please?
ServiceComplaint,repeated collection issues and terrible customer service. switching providers
MissedCollection,You didn't collect yesterday!! Bin overflowing now. When are you coming back??
MissedCollection,"Hi, my green bin wasn't collected this morning on High Street, TA6. It's still full outside. Can you check please?"
MissedCollection,missed bin collection again wtf is going on??
PositiveFeedback,"Great job guys, streets never looked cleaner"
DamagedProperty,when emptying my bin they smashed my bird table to pieces. was a gift from my late mum :(
GeneralInquiry,What time do you normally collect on Fridays?
ServiceComplaint,"can someone explain why the helpline never answers? tried 3 times, waited 20+ mins each. not acceptable."
GeneralInquiry,"Hi, how do I sign up for the garden waste collection service please? I live in Minehead."
ServiceComplaint,Your team left rubbish strewn across my driveway after collection. Had to spend 30 mins cleaning it up. Very poor.
ServiceComplaint,Why is the collection always so late? We have to wait until 7pm sometimes and it's very inconvenient.
GeneralInquiry,"Dear GreenBin, I am interested in starting a home composting heap and was wondering if you offer any discounted compost bins for Somerset residents? I saw a link on the council website that pointed to you. Also, could you please confirm if tea bags are allowed in the food waste caddy or if the plastic in some brands means they should go in the general waste? Many thanks for your assistance."
MissedCollection,The brown bin has not been collected for 2 weeks now. We're paying for a service we're not receiving!
ServiceComplaint,This is a service complaint regarding repeated operational failures.
MissedCollection,"three bins all missed on whole street, why?"
MissedCollection,is there an issue today Collection missd plz check
ServiceComplaint,Collection crew keeps putting my bin in front of my car.
MissedCollection,where the fuck is my bin collection you useless bastards!!!!!! been waiting since Tuesday
DamagedProperty,Collection truck hit my wheelie bin so hard it's cracked down one side. Bin is unusable now.
DamagedProperty,your truck hit our garden wall this morning 😠
DamagedProperty,"Hi, my fence panel was damaged after collection this morning. It’s split at the bottom and wasn’t like that before. Can someone contact me about repair or compensation?"
MissedCollection,"Missed pickup for recycling, general waste was taken though."
PositiveFeedback,Fast response on email inquiry
DamagedProperty,My wheelie bin has a huge dent after the last collection. Its dented beyond use
ServiceComplaint,The website for reporting missed collections is currently down. I've been trying to submit a form for twenty minutes and it keeps giving me a 404 error. This is very poor. How am I supposed to let you know you've missed my bin if the system doesn't work?
MissedCollection,"you skipped us lol. number 14, blue lid bin. pls arrange asap."
DamagedProperty,Driver knocked my wing mirror off my car this morning!!! Need this reporting urgently.
ServiceComplaint,i called 2 times about broken bin and no response
MissedCollection,Still waiting on missed bin from yesterday.
PositiveFeedback,Cheery staff make my morning
ServiceComplaint,Line always busy
MissedCollection,my bin STILL full after collection day. can you come back tomorrow or what???
GeneralInquiry,Can I use black bin bags?
MissedCollection,"bin wasnt emptied, lid shut properly, no note left. pretty annoyed tbh"
DamagedProperty,Your guys damaged my nice new wooden gate. It's splintered now. Pay up.
GeneralInquiry,is there a limit on how many cardboard boxes i can put out?
ServiceComplaint,"The overall service from GreenBin Recycling has become unreliable. While I appreciate the environmental goals, execution matters. Collections are erratic, customer service is slow, and there seems to be no accountability when things go wrong. I am submitting this complaint in the hope that it contributes to some internal review or improvement."
DamagedProperty,"Hi there, when emptying my bin one of your workers damaged my rose bush quite badly. Could you please look into this?"
PositiveFeedback,Top notch service! Bins emptied quietly and returned neatly. Very happy customer here 😊
DamagedProperty,"Your team knocked over my garden wall bin area, bricks loosened."
ServiceComplaint,GreenBin Recycling needs to improve how it listens to feedback. This complaint reflects ongoing dissatisfaction.
ServiceComplaint,Truck blocked my drive for ages and driver didn't apologise
ServiceComplaint,"Service used to be good, now it's not."
MissedCollection,collection truck drove past and didnt stop 😕
MissedCollection,wheres my bin collection???? bin is full since last tuesday!!
DamagedProperty,Mailbox bent after bin crew visit
ServiceComplaint,Your staff left glass shards on the road after emptying the box. Someone’s tyres will pop.
PositiveFeedback,excellent service from start to finish. very happy customer here
DamagedProperty,gate was left open by your crew. fox got in and tore up our garden
DamagedProperty,Shed lock busted
GeneralInquiry,Looking for a list of what plastics you actually accept.
GeneralInquiry,"Hi team, does GreenBin collect Christmas trees for recycling, and if so, do they need to be cut to a certain length or have the branches removed? Many thanks for clarifying, we want to prepare the tree properly after Twelfth Night."
GeneralInquiry,How often should I put my food waste caddy out? Is it weekly or fortnightly in my area?
DamagedProperty,"Unfortunately, I need to report damage to my property that occurred during the most recent recycling collection. When the crew emptied the bin, it appears they reversed the vehicle too close to my driveway and cracked the low brick wall at the front of my house. There are fresh scrape marks and loose bricks that were not present before the collection. I have lived here for over ten years and this is the first time such damage has occurred. I understand accidents happen, but this will require repair and should not be my financial responsibility. Please advise on the claims process and what information you require from me. I am happy to provide photos and any additional details."
ServiceComplaint,Overall decline in service standards prompts this complaint.
GeneralInquiry,Is there a holiday schedule for Christmas collections?
DamagedProperty,bin men broke my plant pots and didn’t say a word. honestly the lack of care is shocking. do better.
MissedCollection,Why do u never collect my bin on time??
MissedCollection,Our collection seems to have been skipped on Friday. Neighbours opposite were done but not our side of the road.
DamagedProperty,"Bin lid won’t shut anymore, hinge looks bent."
PositiveFeedback,Great service as always! Bin emptied early and the lads were very polite. Thank you GreenBin team :)
GeneralInquiry,How do I report a missed collection properly?
MissedCollection,why all bins missed not just mine
ServiceComplaint,Why cant the drivers go slowly down our small lane
ServiceComplaint,It's really hard to get through your phone line. Tried 6 times already.
ServiceComplaint,No call back after repeated messages
GeneralInquiry,what day is collection for me? postcode TA4 1XX cheers
MissedCollection,"routine missed, this keeps happening"
GeneralInquiry,"Hello GreenBin, could you please clarify whether aluminium takeaway trays need to be washed before placing in the green bin or if a quick scrape is sufficient? Some websites say they must be pristine, others say minor residue is acceptable. I want to follow your official guidance and teach my children good recycling habits, so a definitive answer would be appreciated."
ServiceComplaint,this service used to be great but lately its gone downhill.
MissedCollection,"left the bin outside all day, still full now"
ServiceComplaint,"Just a note to say your new stickers stating no black plastics are great, but the crew rejected our bin anyway citing black plastics, even though we removed them completely. Please retrain on the updated policy and perhaps clarify if tinted but not fully black plastic is still acceptable. We rinse everything and want to comply, yet we lost two weeks of service for no reason."
MissedCollection,my bin was not picked up today in Taunton. please advise.
MissedCollection,"Put bin out as usual but nothing collected, bit frustrating."
ServiceComplaint,Your team knocked on the door and were aggressive when my husband answered. Disgusting behaviour
MissedCollection,"no collection today, not sure why, bin lid was closed"
MissedCollection,"Bin not emptied, now overflowing, please help"
ServiceComplaint,"You guys need to communicate better, half the street doesn’t know what’s going on."
ServiceComplaint,"why is it so hard to get a straight answer from you lot?? every time there’s a problem it’s either no reply or some copy paste message. the crews seem rushed and don’t care, bins slammed about, sometimes not even fully emptied. i’m not asking for miracles, just some respect and communication. this is supposed to be a public service. please take this seriously because people on our street are fed up and talking about it constantly."
GeneralInquiry,What day is recycling collected in my area? We’ve just moved in.
ServiceComplaint,Why is the online form so slow? Took ages to submit.
ServiceComplaint,Why do collections keep getting later every week?
DamagedProperty,"My bin lid has been cracked since the last collection, looks like it was dropped."
ServiceComplaint,"I’m not happy with the way GreenBin handles subscription changes. I tried to update my account details and it kept rejecting my postcode, then it locked me out after three tries. Now I can’t access anything. I’m in Taunton and I shouldn’t have to create a new email address just to manage a bin service. Also, the help page instructions don’t match what’s on screen (clearly outdated). Please reset my access and fix your website so it works properly. And no, I don’t want a generic password reset link that expires in 5 minutes. I want a stable account system like any normal company."
ServiceComplaint,your drivers keep coming at like 6am and waking the whole house up 😡 banging bins about. not happy tbh.
DamagedProperty,Broken bin lid hinge.
GeneralInquiry,Can I request a bigger bin? Ours fills up fast.
DamagedProperty,Collection team damaged my recycling bin during pickup. It has a large crack in it.
MissedCollection,"bin sat full on drive for days, supposed to have collected yesterday"
DamagedProperty,Property damage occurred during collection.
DamagedProperty,"The bin lorry damaged my garden wall this morning around 7:45am. There's a big crack in it now. Please can someone come and assess the damage? Address is 8 Willow Crescent, Yeovil."
DamagedProperty,why did u knock over my plant pots?? 3 of them broken now!!!
PositiveFeedback,"Collection has been spot on for months now, keep it up!"
GeneralInquiry,Can you tell me more about your pricing plans and what's included in each tier?
MissedCollection,"been waiting since Tuesday, bin still here, neighbours already had theirs taken. what's going on??"
ServiceComplaint,"bin men loud before 7am, baby awake now"
MissedCollection,missed collection AGAIN! !! third time this month.  absolutely fuming
PositiveFeedback,Great phone support
MissedCollection,"Hi, just wondering if GreenBin Recycling actually plans to collect bins on our road ever again? Because it’s been over a week now. I reported it online, got a reference number, and then… nothing. No email, no follow-up, no truck. I’ve lived here for 12 years and never seen it this bad. The bin is overflowing, cardboard is getting wet, and I’m not storing rubbish inside my house just because your schedule is apparently optional. I want a clear answer, not another generic apology. When will it be collected?"
GeneralInquiry,"Hello, what time do your teams usually come around our area (Wells)? We’d like to make sure bins are out on time."
MissedCollection,NOBODY TOOK MY RECYCLING!! WHY ALWAYS MINE?? 😡
DamagedProperty,Your bin men broke my bloody gate!!! Hinges completely bent. Sort this shit out.
DamagedProperty,"The crew cracked the wheelie bin lid today, big split down the side."
PositiveFeedback,Well done recent improvements
ServiceComplaint,Why do your drivers drive so fast down our narrow road? It's dangerous for children and pets.
DamagedProperty,"Bin lid cracked after last collection, looks like it was dropped."
ServiceComplaint,Your drivers drive way too fast down these narrow country lanes. It's dangerous for kids and pets. Slow down!
MissedCollection,"hello our bin not taken AGAIN. im fed up. please send someone. no excuse this time, it was out since last night."
DamagedProperty,When the bin was emptied the lid snapped off. It wasn’t broken before today. Please advise.
GeneralInquiry,"Good afternoon. I am writing to enquire about the specific types of plastic that are currently accepted in your kerbside collection scheme within the South Somerset area. I have noticed that some local authorities allow for soft plastics and films, while others strictly limit it to rigid bottles and trays. Could you please clarify if clean plastic film, such as bread bags or bubble wrap, can be included in the green boxes, or if these still need to be taken to a dedicated supermarket drop-off point? Additionally, I would like to know if you provide larger bins for households with more than five residents, as our current capacity is proving somewhat insufficient for our needs. I look forward to receiving your guidance on this matter so that we can ensure our household is recycling as effectively as possible. Kind regards, Mrs. Elizabeth Thompson."
ServiceComplaint,twice now you've missed my street and no explanation. customer service needs improvement. not impressed.
DamagedProperty,"Hi, I’d like to report damage to the pavement outside my house after collection day. It looks like a heavy truck tyre mark cracked the surface."
ServiceComplaint,Frustrating.
DamagedProperty,"Hi GreenBin, unfortunately the collection vehicle damaged my driveway this morning. There's a large scrape and some cracked paving slabs. Could someone come and assess the damage please? We're at 12 Birch Road, Yeovil. Thank you."
DamagedProperty,Broken property.
MissedCollection,collection missed 😡
DamagedProperty,bin wheels all broken after today’s pickup
PositiveFeedback,Nice service.
ServiceComplaint,Why do your staff always slam the bins down? Broke the lid last month. Can you replace it?
ServiceComplaint,Your new smaller recycling boxes are useless!! We can't fit half our recycling in them anymore. Please bring back the larger ones or provide additional boxes immediately. Very disappointed customer.
ServiceComplaint,Why does it take so long to resolve issues?
ServiceComplaint,"Drivers speeding down our road, not safe."
ServiceComplaint,"The smell coming from your trucks is unbearable. I understand it's waste, but surely the hoppers should be cleaned more frequently? It lingers for hours."
MissedCollection,Did I miss a holiday? No collection
ServiceComplaint,"I want to raise a general complaint about the level of service we have been receiving recently from GreenBin Recycling. Over the past few months, collections have been inconsistent, with times changing dramatically and sometimes not happening at all. While I understand that staffing and vehicle issues can arise, the lack of communication is the most frustrating aspect. There are no notifications, emails, or updates when something goes wrong, leaving customers guessing. When I have tried to contact customer support previously, I waited several days for a response, which does not feel acceptable for a paid service. I believe GreenBin could improve significantly by keeping customers informed and responding more promptly. This message is not written in anger but out of genuine concern, as I want the service to succeed and be reliable for the community."
DamagedProperty,Cracked wheel on brand new bin
PositiveFeedback,Fantastic service as always. Very pleased customer.
ServiceComplaint,collection crew ignored my note on the bin. feels pointless.
ServiceComplaint,I am deeply unhappy with the way GreenBin Recycling treats its customers. Everything feels like an inconvenience to you.
MissedCollection,again no collection
MissedCollection,My green bin wasn't collected today even though it was out by 6am. Can someone explain?
ServiceComplaint,Why is it so hard to get a straight answer from this company? Every response feels like it was written by a robot. I asked a simple question about changing my bin size and got sent three links that didn’t work. This is basic customer service. Do better.
ServiceComplaint,I am unhappy with the recent price increase for garden waste.
PositiveFeedback,Can’t believe how much better it is since last crew
GeneralInquiry,hi there... just moved to yeovil and not sure which day is my bin day? also do i need to separate the glass from the paper or does it all go in the same box? i havent got any boxes yet actually the old tenants took them with them i think. how do i order new ones and do i have to pay for them? thanks for the help.
MissedCollection,"My green bin has been missed, please rearrange."
GeneralInquiry,Do you collect garden waste in winter months?
MissedCollection,You lot missed our street completely today. All bins still out. Sort it!!
ServiceComplaint,Why is there always rubbish left behind after you empty the bins? Very sloppy work.
ServiceComplaint,You damaged my garden wall with your truck. I'm requesting compensation
ServiceComplaint,absolutely shocking service lately!! bins left everywhere and half the rubbish still in them. whats going on??
DamagedProperty,one of your workers stood on my flower pot and smashed it while collecting. was a nice pot too :(
MissedCollection,"My bin was missed today. I think it might be because of the roadworks at the end of the street, but the workers said they would let the truck through. Can you confirm if you'll be attempting a re-collection tomorrow? Address: 22 Hideaway Lane, Chard."
DamagedProperty,"Hi, the bike parked outside my gate was scratched after your truck reversed. assist plz??"
ServiceComplaint,"Staf dropped rubbish all over, no apology"
MissedCollection,bins still full. wat happened?
MissedCollection,"you missed us today. blue bin still full. somerset rd, ta6"
DamagedProperty,"The bin was returned broken, wheel snapped clean off."
ServiceComplaint,"Driver was really rude when I asked a question this morning, not acceptable."
ServiceComplaint,"So much rubbish left after pickup, always looks bad"
ServiceComplaint,"They left the food caddy lid open, now the foxes have been in it. Total mess."
GeneralInquiry,Is there a limit on how much cardboard I can leave out? I've got a lot of IKEA boxes.
DamagedProperty,Bin lid smashed. wasnt like that before.
GeneralInquiry,Do you offer food waste collections as well?
DamagedProperty,another trampled flower
MissedCollection,"Missed AGAIN, so frustrating"
GeneralInquiry,"Hi GreenBin Recycling, I’m new to the area (Somerset) and wondering what day our recycling gets collected. Postcode TA1 3PL. Thanks!"
GeneralInquiry,Info please.
GeneralInquiry,Is the recycling centre open on Sundays?
MissedCollection,Missed collection. I pay my council tax for this service!
MissedCollection,green bin still full. nobody turned up. kids dragged it back in already.
ServiceComplaint,Overall service quality has dropped and I am not happy.
ServiceComplaint,you guys r srsly unhelpful. waited all week for a call bck and NOTHING! shameful svc!
GeneralInquiry,Do you have any information about bulky waste collection? Thanks
ServiceComplaint,Fed up with the mess left on our road after the recycling truck leaves. Litter everywhere.
GeneralInquiry,How do I order a new food waste caddy? Mine is broken.
ServiceComplaint,Rude crew
GeneralInquiry,Can I downgrade to a smaller bin size to reduce my costs?
MissedCollection,No collection 2 weeks in a row now. Starting to get really pissed off here!!
ServiceComplaint,Your website is down and I can't find the holiday schedule. Very frustrating service.
PositiveFeedback,"Customer service reply was clear and friendly, thanks."
GeneralInquiry,do you collect old saucepans?
ServiceComplaint,Driver swore when asked to move truck
ServiceComplaint,Poor communication and unreliable service. Formal complaint.
PositiveFeedback,"Really pleased with the new recycling boxes, much easier to sort everything now. Well done!"
GeneralInquiry,Can I put pizza boxes in recycling if they’re a bit greasy or nah?
ServiceComplaint,Received wrong size bin at collection. When I phoned to complain nobody would listen
MissedCollection,"Bin not collected, postcode TA6 ***. Happening a lot lately."
DamagedProperty,Bin lid torn off.
PositiveFeedback,"Great service as always, never had any issues 👍"
ServiceComplaint,"Bins left blocking the pavement again, really inconvenient for prams and wheelchairs."
GeneralInquiry,Can I get a bigger bin for plastic? We have a large family and the standard one is tiny.
DamagedProperty,Driveway damaged by heavy vehicle.
DamagedProperty,Your lorry hit my wall. Bricks cracked. Need inspection.
DamagedProperty,"Your lorry clipped my fence when reversing, panel is cracked now. Need someone to get back to me asap."
ServiceComplaint,The crew threw my recycling boxes across the pavement. Very unprofessional.
DamagedProperty,Fence scratched by collection vehicle.
MissedCollection,street not collected all week
PositiveFeedback,Thank you for always being reliable even in bad weather. Really appreciate it!
MissedCollection,"missed recycling pickup today, address in somerset. thanks."
MissedCollection,My bin has been missed for three consecutive weeks.
DamagedProperty,Your collection team dropped my bin and the handle broke off. Now its unusable.
DamagedProperty,"recycling bin completely broken after pickup, cant close it."
PositiveFeedback,Never any mess after your team visits
PositiveFeedback,excellent service as always.
ServiceComplaint,bin men left rubbish all over the pavement. had to clean up myself. bad service.
GeneralInquiry,Do you recycle old electronics? I couldn't find any info on your website about it.
DamagedProperty,"Hello, I am writing to report that one of your recycling vehicles clipped my car wing mirror this morning while driving down the narrow lane in Cheddar (Church St). I have a witness who saw the truck, which was branded with GreenBin logos. The mirror is completely shattered and the casing is scratched. I would like to file a formal claim for the repair costs. Please let me know the process for this and what documentation you require from my side."
PositiveFeedback,Your staff are gr8!!! Efficient workers and clearly passionate about what they do 👍.
ServiceComplaint,Why is the bin collection time different every week? Can't you stick to a schedule you muppets?
MissedCollection,why was our street skipped today? every bin left standing. pls explain.
DamagedProperty,"bin left in road, got hit by a car, now it’s crushed"
MissedCollection,"Again, you missed my collection. Disappointing every time."
DamagedProperty,"Our recycling bin lid is broken after today’s collection, it was fine before."
ServiceComplaint,"Service feels very hit and miss lately, not very reliable."
DamagedProperty,Extremely disappointed to find that your recycling lorry has damaged the kerb outside my property. Chunks of concrete have broken off and it looks terrible. This is public facing and reflects badly on the street. I expect GreenBin to liaise with the council and resolve this without delay.
MissedCollection,missed
PositiveFeedback,First time in ages everything went perfectly. Well done.
DamagedProperty,"I’m writing to report that your truck hit our fence on Monday morning, leaving visible damage. Please get in touch."
ServiceComplaint,Driver threw my bin from the truck to the ground from height. Very aggressive behaviour.
ServiceComplaint,Still waiting on a reply about my bin replacement. Been over a month.
DamagedProperty,"I would like to report damage caused by your collection team to our driveway. After the bins were collected yesterday, we noticed oil stains and deep tyre marks on the edge of the paving. This area was only resurfaced last summer, so the marks are very noticeable. I appreciate that your vehicles are large, but care should be taken when manoeuvring on residential streets. Please let me know how to proceed with a damage report and whether an inspection can be arranged. I have taken clear photographs as evidence."
ServiceComplaint,"The SMS notification says collection between 8–9 AM, but nobody turned up. Please ensure your messaging is accurate."
PositiveFeedback,Really appreciate the extra effort.
DamagedProperty,Gate damaged when bin was returned.
GeneralInquiry,Do you offer commercial waste collection for small businesses?
PositiveFeedback,Thanks for replacing our damaged bin so fast.
DamagedProperty,"esto es increíble… your greenbin crew cracked two paving slabs on my drive in Frome when they dropped the bin HARD (like, from a height). now the slabs are chipped and uneven and it’s a trip hazard. and before you say “wear and tear”, nope, they were fine yesterday and i have photos because we’re selling the house. you also spilled broken glass bits everywhere and just left it!! i’m not your cleaner. i want this recorded as property damage and i want someone to call me with next steps. if you ignore me i will go straight to the council and i’ll happily post the videos online too 🙂"
DamagedProperty,Your vehicle caused damage to my property and I expect accountability.
GeneralInquiry,"Hi, what day is recycling collected on my street? I'm in Taunton."
GeneralInquiry,"trouble logging in to website, help?"
ServiceComplaint,i pay council tax for this? honestly disappointed.
ServiceComplaint,"I’ve had enough of your lorry blocking the road for ages and your crew acting like everyone else should just wait. Yes, I know it’s a collection, but they parked across two driveways in Frome and then had a chat while cars queued. When someone politely asked if they could move a bit, the worker made a sarcastic comment. It’s not just about inconvenience; it’s the attitude. You’re in a residential community, not a closed yard. Please remind crews to be considerate, minimise blockage, and speak respectfully. If this continues, I will start documenting dates and times and raise it with the council transport team."
MissedCollection,"To whom it may concern, our recycling collection scheduled for Wednesday 31 December in Nether Stowey did not occur. Multiple households on the cul-de-sac have been affected, suggesting a possible route oversight. Could you provide confirmation of a follow-up round? The missed pickup is problematic because holiday waste volumes exceed normal capacity; at present the container weighs considerably more than the manual lifting limit, so taking it to the depot is not feasible for me. I rely on the council service due to mobility issues. Please advise at your earliest convenience. Reference number from online form: 89372."
ServiceComplaint,Why are collections so early now? woken up by noise!
MissedCollection,no collection today. reporting. fed up.
ServiceComplaint,why always late pickups
DamagedProperty,"Green bag left torn, spilled everywhere"
MissedCollection,bin full because missed last week
MissedCollection,3rd week running no collection. getting proper annoyed now. taunton postcode ta3 5rt
GeneralInquiry,"Good afternoon, could you send me the 2026 collection calendar in large-print PDF format for my partially sighted neighbour? She struggles with the standard leaflet and would benefit from a digital version with bigger text. Much appreciated."
DamagedProperty,"I’m contacting you to report damage caused during a recycling collection. The GreenBin truck appears to have clipped my parked car, leaving a long scratch along the side. The car was legally parked and has no previous damage in that area. Unfortunately, no details were left by the crew. This is extremely frustrating, as repairs will be costly. I expect this to be taken seriously and investigated promptly. Please let me know how to submit evidence and make a formal claim. I would appreciate a response within a reasonable timeframe."
ServiceComplaint,always slow to fix issues
GeneralInquiry,What happens to the recycling once it’s collected? Curious.
GeneralInquiry,Do you collect food waste as well or just recycling?
DamagedProperty,"After today’s collection our bin won’t close properly, hinge bent."
MissedCollection,Why my bin NOT picked up but two houses down was?
MissedCollection,"Hey, I think you forgot our house again."
MissedCollection,"Dear GreenBin Somerset Department, I am writing to report a missed collection at 18 Orchard View, Dunster (TA24 6QT) on Tuesday 30 December. Our green-lidded wheeled bin was presented by 6:00 a.m. as per the published schedule, neatly positioned at the kerb edge with the handle facing the road. The vehicle attended our street at around 08:40; I watched the operatives service neighbouring properties but they neglected ours for reasons unknown. The bin contains routine recyclables only: flattened cardboard, PET bottles, aluminium cans. May I request a return visit within 48 hours or advice on alternative disposal options? Kind regards."
GeneralInquiry,Are you still collecting glass separately or does it go in the green bin now?
MissedCollection,"missed pickup, please advise"
MissedCollection,"Hello, the recycling lorry didn’t turn down our side lane at Manor Farm Cottages, Norton Fitzwarren, yesterday afternoon. Only six houses here and the entrance is narrow, but previous drivers always reverse in. We left the shared 240-litre bin at the usual turning point. It is now completely full of flattened Christmas packaging and there is no space for next week’s boxes. If the lane is temporarily restricted due to roadworks could you let us know an alternative collection point or arrange a smaller vehicle? Appreciate your guidance so we can keep the track clear for tractors. Thanks in advance for your swift help as lambing season is about to start and feed deliveries need room."
MissedCollection,"hi, my bin didnt get emptied again today 😡 this is the second time in like 3 weeks. i left it out early doors, nothing blocking the road, lid shut, all sorted right. everyone else on the street looks the same so i dunno whats going on. im in somerset, near the high street, and collection day is meant to be friday. rubbish is piling up now and its starting to smell which isnt great when youve got kids. i dont have space to keep bags inside. can someone pls explain why this keeps happening and when its gonna be picked up?? dont wanna hear 'next week' again tbh. thanks"
DamagedProperty,"Crew left the gate open, dog escaped and ran away"
DamagedProperty,"Fence panel knocked over by truck this morning, number 14 Roundable Close."
MissedCollection,"hello team, missed collection today, bin still full. can you come back please? ta muchly"
PositiveFeedback,"Love the recycling tips you send out, actually helpful!"
PositiveFeedback,"Thank you for the great service, the collection teams are always so polite and quick."
DamagedProperty,"bin blown against my door, left dent"
MissedCollection,Bins weren't emptied on my street today either! Missed my blue bin collection.
ServiceComplaint,The recycling centre near me is always closed when I need it. Your opening hours are terrible.
MissedCollection,Why am I always missed??
PositiveFeedback,Smile from crew every time
ServiceComplaint,Your staff threw my bin into the hedge today!! Now its stuck and i cant get it out!! Not happy at all!!!
MissedCollection,missed bin collection today. plse send a truck back. postcode BA11.
MissedCollection,Bin missed today even though I followed the rules.
MissedCollection,Bin still full after scheduled collection day.
DamagedProperty,"Fence panel damaged by the truck on Tuesday, I have photos if needed."
MissedCollection,Reminder text said today but nothing’s been collected.
MissedCollection,"bin still outside, not collected again"
PositiveFeedback,My daughter loved the truck guys waving
PositiveFeedback,"Friendly crew, always wave 👋"
GeneralInquiry,When does the new schedule start?
GeneralInquiry,Is it possible to request an earlier collection time?
DamagedProperty,"bin wheel broken after collection, looks like it was dragged not lifted"
PositiveFeedback,Really pleased with the new kerbside sorting system. Makes recycling so much easier!
PositiveFeedback,Five stars! Best recycling service in Somerset. Professional and timely every single time.
GeneralInquiry,Can bins be collected earlier in summer?
DamagedProperty,Your team damaged my gate last week.
GeneralInquiry,How do I order a new compost bin?
GeneralInquiry,where can i get a new food waste caddy? mine is lost.
DamagedProperty,Your collection team broke our gate latch last week while moving the bins. It doesn’t close properly now. Please arrange for someone to fix it.
MissedCollection,bin not emptied. simple as that.
ServiceComplaint,Hate when bins left blocking the path
DamagedProperty,cracked new compost bin
MissedCollection,Recycling wasn’t picked up yesterday as scheduled. Please let me know when it’ll be collected.
PositiveFeedback,"Fantastic service every time! Quick, clean and friendly. Wouldn't hesitate to recommend GreenBin to anyone."
MissedCollection,"Hola equipo de GreenBin, escribo desde Shepton Mallet para avisar que no han recogido los envases esta mañana. Puse el contenedor verde afuera anoche como siempre, sin embargo el camión pasó y siguió de largo. Inside there is only plástico limpio y latas, nada de basura general. ¿Podrían por favor programar una recolección de repuesto? Tengo niños pequeños y se nos acumulan botellas de leche rápidamente. If it helps, our postcode is BA4 5DL and we’re at the very end of a cul-de-sac, so maybe the driver did not see the bin behind the parked van."
PositiveFeedback,Just wanted to say a big thank you to the GreenBin team! Always on time and the lads are always cheerful in the morning 😊 keep up the great work!
ServiceComplaint,"Service used to be great, now its sloppy. hope you can turn it around."
ServiceComplaint,Driver left my wheelie bin in the middle of the road blocking traffic. Very unprofessional behaviour.
DamagedProperty,"After the last collection, I found the bin lid broken off completely. Can you please replace it? It looks like it was dropped."
MissedCollection,"no show again this week 😩 food waste stinks now, come on guys sort it!!"
GeneralInquiry,Where is nearest dropoff?
MissedCollection,why is it always our end of the road that gets missed?? everyone else collected except 4 houses. very frustrating.
PositiveFeedback,Excellent as usual.
DamagedProperty,"Bin completely smashed, wheels broken off."
MissedCollection,missed collection for the 4th time this year!! this is unacceptable. address 56 Elm Street. need this sorted NOW
GeneralInquiry,Can i change my collection day? need it on mondays if poss
ServiceComplaint,I tried calling your helpline for 40 minutes and just got elevator music. Do you even have staff?
ServiceComplaint,driver left my gate open again
MissedCollection,why is my bin ALWAYS the one you miss. honestly asking. same place every week. same time. same rules. different result. ive reported this so many times im bored of typing it. if there is an issue with my address then tell me. dont just ignore it and hope i give up. because i wont. im stubborn and this is principle now.
DamagedProperty,lads smashed my bird table with the lorry today. was a gift from my late husband. very upset. need compensation.
MissedCollection,"hola, no recogieron mi cubo azul hoy, ¿pueden revisarlo por favor?"
MissedCollection,"Hi, I scheduled my recycling bin pickup for yesterday but no one came to collect it. This keeps happening. Can you please look into it and let me know when it will be collected?"
GeneralInquiry,How do I report a missed collection online? The form keeps timing out on me.
ServiceComplaint,crew keep mixing up my bins and the neighbours'
PositiveFeedback,Just wanted to praise your driver Sarah who always has a smile and chat. Makes bin day something to look forward to!  Lovely lady.
PositiveFeedback,thank u greenbin u guys r the best recyclers in somerset hands down 🌿♻️
PositiveFeedback,Really happy with the new recycling service.  The team are friendly and efficient.  Keep up the good work
MissedCollection,missed again wtf is going on with u lot
ServiceComplaint,Worst it's been.
DamagedProperty,"Good afternoon, I am contacting you regarding damage sustained to my driveway during today’s recycling collection. The heavy vehicle appears to have clipped the edge, leaving deep tyre marks and cracking the surface. I understand accidents happen, however the lack of communication afterwards is disappointing. I expect GreenBin Recycling to follow proper procedure when property is damaged. Please advise on next steps and how a claim can be made."
ServiceComplaint,Long wait for customer service
MissedCollection,"another missed recycling, would like quick response"
ServiceComplaint,I have complained multiple times and nothing changes. This is exhausting.
ServiceComplaint,This is a formal complaint regarding repeated failures in service delivery. I expect a written response detailing corrective action.
DamagedProperty,"Hello GreenBin, I’m writing because the crew dragged our bin across the gravel driveway and broke two of the wheels. Now it tips over every time we try to move it, spilling bottles. Could you deliver a replacement and remove the damaged one? We’re pensioners and can’t lift the bin without wheels. The serial number on the bin is GB47362. Thank you for helping us maintain safe access."
MissedCollection,They skipped us again!!
PositiveFeedback,Thank you for the prompt response to my query about the missing bin. A new one arrived today as promised. Excellent customer service!
GeneralInquiry,what rules for food waste please?
DamagedProperty,Bin lorry scratched my car parked legally outside my house.
DamagedProperty,hey guys the wheel on my green bin is completely broken now after last collection. looks like someone kicked it or something. can i get a replacement?
DamagedProperty,My recycling box cracked.
PositiveFeedback,Shoutout to the driver who waited while I ran out with the bin 😂 legend.
DamagedProperty,"collection damaged our gate, hinges bent"
MissedCollection,Collection missed even though bin was out early.
MissedCollection,"Hello GreenBin team, I’m writing because my recycling collection was missed again this week. This is the second time in three weeks, and I’m starting to get a bit frustrated. I live on a normal route in Somerset, nothing unusual about access, and my bin was placed out the night before as instructed. Neighbours on both sides were collected, so I’m not sure why ours was skipped. I work from home and can clearly see the road, so I know the truck came through. The bin is now overflowing and I don’t have space to store more recycling indoors. Please can you let me know why this keeps happening and when it will be collected. I appreciate mistakes happen, but some communication would really help. Thanks."
GeneralInquiry,hey guys quick question - do u take old paint tins in the recycling bin or not? got loads of half empty ones in the garage. cheers
GeneralInquiry,Can you help on collection day?
ServiceComplaint,Service quality has dropped.
DamagedProperty,Lid snapped clean off the bin.
ServiceComplaint,"Crew left rubbish, didn’t tidy up"
DamagedProperty,One of your collectors threw my recycling box back toward my house and it smashed a decorative plant pot near my front door. I am very upset as this was a gift. I would like to be compensated for the damage. Address: 56 Park Lane.
GeneralInquiry,What items are not allowed in the recycling?
GeneralInquiry,"Hi there! Do you collect Christmas trees in January? And if so, do we just put them next to the normal bins or is there a special collection? Thanks!"
MissedCollection,"Hey, u missed our bin AGAIN!! Plz fix. Time to get ur act together."
PositiveFeedback,"Thanks for replacing our bin so fast, much appreciated!"
ServiceComplaint,Annoyed.
PositiveFeedback,Your company has made recycling so easy.  Everything is transparent and well organised.  Excellent work!
DamagedProperty,Bin cracked.
DamagedProperty,"Hello, my recycling bin was cracked by the collection crew. I’d like a replacement please."
PositiveFeedback,Thanks so much for never missing a week. Dependable as ever!
MissedCollection,I am writing to report yet another missed recycling collection. This is the fourth time in two months. I am starting to feel like my address has been blacklisted. There has been no explanation and no apology. I expect someone to take responsibility and ensure this does not happen again.
MissedCollection,"they forgot us today, pls help"
MissedCollection,Mi ha saltato il ritiro... My bin is still on the curb in Yeovil. Pls help.
DamagedProperty,Your team scratched my driveway with the collection truck last week.
MissedCollection,"Bin not emptied, weather was fine."
MissedCollection,Bin not emptied on scheduled day. High Street shops affected.
MissedCollection,Third time this month you've missed us. What's going on with your scheduling??
MissedCollection,"I’m writing because our recycling was missed in Street (Somerset) today. Before you say it, YES it was out on time and YES it’s the correct bin. We’ve had repeated issues since the route “changed” in autumn and nobody informed us properly. The only notice I got was a vague leaflet that didn’t match the online calendar. I’m the one who ends up looking like the problem when the street is tidy except for our bin left behind. Please confirm the correct collection day for our postcode, arrange a catch-up, and advise why the crew keeps leaving ours when they take everyone else’s. I’m keeping a log now, because this is beyond normal."
ServiceComplaint,why do the rules keep changing?? last month cardboard was fine now it’s not?? very confusing
MissedCollection,My bin wasn't collected this morning and it's collection day.  What's going on?
GeneralInquiry,what items can go in the green bin?  the website is confusing
GeneralInquiry,How do I pay for the garden waste service renewal?
DamagedProperty,They squashed all my flower pots dragging bins
PositiveFeedback,"Thanks for the clear recycling guide, very useful."
PositiveFeedback,Cheers for extra bags last week
GeneralInquiry,your website find calendar not working
MissedCollection,MY BIN WAS NOT TAKEN. WHY?? EVERYONE ELSE ON THE STREET HAD THEIRS DONE. I WAS OUT SINCE 7AM. PLS ADVISE WHEN YOU ARE COMING BACK. AREA IS MIDSOMER NORTON.
DamagedProperty,Mailbox hanging off after bin crew
MissedCollection,I’m out of space – why missed me again?
ServiceComplaint,Not happy with how late the collections are getting. 6pm is too late for a weekday.
PositiveFeedback,"Hi, I just wanted to say how much I appreciate your green initiatives. Keep it up!"
MissedCollection,missed bin. pls fix asap
DamagedProperty,Your lorry scraped my parked car today. There's a long scratch along the passenger side. Please contact me.
DamagedProperty,bin edge all bent
MissedCollection,"Hi, our blue recycling bin was not collected yesterday despite being out since 6am. Please advise."
MissedCollection,again not collected. do better.
MissedCollection,green bins should have been emptied yesterday. still full. Really inconvenient!
PositiveFeedback,"Excellent service, polite staff, on time every time. Couldn't ask for more!"
PositiveFeedback,Easy to contact
PositiveFeedback,Satisfied.
MissedCollection,"i left my bin out but you missed it, what to do now?"
GeneralInquiry,"Do you collect Christmas trees? If yes, when and how should I present it? Thanks"
GeneralInquiry,What happens on bank holidays?
MissedCollection,"Hello, our bin was not collected on the usual Tuesday slot. Could you please advise when the next collection will be? Many thanks."
DamagedProperty,Damage reported.
MissedCollection,"bin men missed my house today, black bin still full, when u coming back???"
MissedCollection,recycling missed. short message.
ServiceComplaint,bin halfway up road never put back proper
ServiceComplaint,"I paid for premium pickup service, but my bin is still collected on the standard schedule. I want a refund or you to honor the premium terms."
ServiceComplaint,"I’m unhappy with the reliability of GreenBin Recycling. Missed days, poor communication, and no clear accountability. This is a formal complaint."
GeneralInquiry,Do you provide compostable liners for the food bins or do we buy our own?
ServiceComplaint,the crew were incredibly rude to my elderly mother when she asked about her bill
ServiceComplaint,"Service standards have dropped noticeably. Bins are sometimes left blocking driveways, and staff appear rushed and unapproachable. When I asked a crew member a simple question, I was brushed off. I appreciate that this is a demanding job, but basic courtesy should still apply. This complaint is about behaviour and service quality rather than a single operational failure."
ServiceComplaint,The recycling bins are always left half-empty. It seems like the crew is in such a rush that they don't bother to tip the bins properly. I'm left with stuck cardboard at the bottom every single week. Please tell them to be more thorough.
MissedCollection,"recycling not collected this morning, i waited til 2pm before bringing it back in."
GeneralInquiry,"Hello, how do I sign up for the garden waste collection service please?"
PositiveFeedback,The crew in Taunton are legends. Always do a tidy job.
PositiveFeedback,"Service has been spot on lately, keep it up."
GeneralInquiry,what goes in the blue bag again? lost my leaflet.
MissedCollection,HELLO COLLECTION NOT DONE. HELP.
ServiceComplaint,So much litter dropped by the collectors today. I had to clean it up myself.
DamagedProperty,Fence panel damaged by reversing lorry. driver didnt stop.
MissedCollection,No pickup today despite the reminder text. Can someone arrange a return please?
PositiveFeedback,Thanks for replacing our damaged bin so quickly!
ServiceComplaint,"Honestly fed up, bins left halfway down the drive every time."
ServiceComplaint,I appreciate the hard work but the noise at 6am is excessive.
DamagedProperty,"Bin smashed, not usable now."
ServiceComplaint,"Collection times are all over the place lately, sometimes 7am sometimes nearly 4pm, hard to plan."
PositiveFeedback,"Even in dark, crew polite"
MissedCollection,missed collection 5 times now. disgusting service
GeneralInquiry,"Hey GreenBin! Just moved to Glastonbury. How do I order a food waste caddy? Cheers, Sam."
PositiveFeedback,"Our collection is always prompt, impressed"
MissedCollection,missed again. north petherton. honestly do you lot have a grudge? bin was out. no excuses. i even wrote “RECYCLING” on it in big letters bc last time your driver said “couldn’t tell”. it’s literally the greenbin you issued. you’ve left it there like a decoration. now it’s overflowing and i’m not paying for extra sacks because your staff can’t be bothered to lift a lid. please collect it asap and stop closing my reports as “resolved” when nothing happened. i want a REAL person to confirm when it will be done.
PositiveFeedback,my bins are always put back neatly :) appreciate it
MissedCollection,"hi so once again greenbin havent taken my recycling. its outside since 6am like always. nothing blocking it. no excuse. this keeps happening and im sick of chasing. last time you said it was logged and would be fixed but clearly not??? im starting to think you just dont care unless people complain. ive got boxes piling up, no space, and foxes getting into it. do i just dump it on the road or what because this is ridiculous. im not asking for special treatment just BASIC SERVICE. if this isnt sorted im escalating because ive had enough of being ignored. pls dont send a copy paste reply."
ServiceComplaint,"I’m quite unhappy with the level of service I’ve received recently. On 29 December, the crew left my bin half-emptied, and last week they didn’t bother to clear the glass; shards remained in. Additionally, your staff were driving erratically along Narrow Lane. Could you please investigate these recurring issues?"
MissedCollection,"Missed pickup today, 12 Orchard Close. Please advise."
ServiceComplaint,"I’m complaining about the lack of clear escalation. Every time I report a problem, I’m told “we’ll pass it on”. Passed on to who? The bin fairy? I want a named contact or at least a department email that actually replies. I’m in Frome and we’ve had repeated issues with inconsistent collections and rude behaviour. I’m not going to keep re-explaining the history every time. You should have a case record. Please consolidate my previous reports, provide a case reference, and tell me who is accountable for resolving it. If you can’t, then you’re not a serious operation and I’ll take it straight to the council."
DamagedProperty,brand new fence scratched up by your crew
MissedCollection,Bin day confusion? nothing collected at no. 14 this morning
MissedCollection,bin not emptied today?? calendar says today was the day. pls advise
GeneralInquiry,how much is your service per month? thinking about switching to greenbin
GeneralInquiry,"Hi, just moved to Somerset, how do I order a recycling bin?"
MissedCollection,Why was my bin missed? no note left.
GeneralInquiry,Is there an extra charge for missed collections?
DamagedProperty,Lorry hit the kerb and cracked paving stones outside no. 7.
ServiceComplaint,Your team left rubbish all over the pavement again. Clean up after yourselves ffs!
DamagedProperty,Your lorry scraped along my car today causing significant damage. Please provide your insurance details urgently.
PositiveFeedback,"Thanks for your hard work, especially through the rain."
PositiveFeedback,Top work GreenBin!
MissedCollection,Bins still outside!! Been 2 days late now. Neighbours already got theirs done. Pls send someone today.
PositiveFeedback,Cheers for being so reliable! Makes a real difference having a dependable recycling service.
MissedCollection,Another miss!! This is becoming a joke now.
ServiceComplaint,"complained last month, same problems now. nothing improved"
ServiceComplaint,"Still waiting on response from last complaint, poor follow up."
GeneralInquiry,Is there an option to request a one-off bulky item collection? I have an old metal shelving unit to dispose of.
MissedCollection,collection truck drove past and didnt stop?? bin defo out
MissedCollection,never collected my blue bin last month
GeneralInquiry,Can I recycle crisp packets at home or do they need to go somewhere else? Thanks for the help!
ServiceComplaint,crew almost hit my wall with their truck
MissedCollection,"Hi, our recycling wasn't collected this morning. We followed the bank holiday schedule change."
PositiveFeedback,The driver was very kind and waited for me to bring my bin out.
GeneralInquiry,"Hi, can I request an extra collection this month? We're doing a big clear out."
MissedCollection,"Hi, the bin wasn't collected again this week on Monday in TA4 area. This is the third time in two months. Please sort it out!"
MissedCollection,bin still full. no truck came by. whats going on???
DamagedProperty,"Hi, one of your workers dropped a heavy glass crate and it's cracked my driveway paving."
DamagedProperty,The crew cracked the lid of my bin and now it won’t close properly.
ServiceComplaint,"Hi team, the weekly email reminder arrived at 3 a.m. again, waking me with the notification sound. Suggest scheduling outbound emails during daytime hours. Most people don’t need a 3 a.m. nudge to wheel out the bin. Could you adjust the mail server or at least allow users to choose their preferred delivery window? Thanks."
ServiceComplaint,"Service has gone downhill recently, collections late, missed, and no updates."
ServiceComplaint,how comes it so unreliable these days?
MissedCollection,"You missed my collection today in Burnham-on-Sea and I’m not interested in excuses. It’s always “staff shortage” or “vehicle issues” but somehow the rest of us still manage to show up to our jobs. My bin was out at 6am, lid down, correct materials, and it’s still sitting there untouched at 5pm. Your own tracking page (when it actually loads) shows the street as completed, which is clearly false. Are you marking jobs done without doing them? That’s fraud-y behaviour. I expect a same-week return, not “next scheduled date”. I’m not living with piles of cardboard because GreenBin can’t plan."
DamagedProperty,GreenBin truck scraped my car wing mirror.
DamagedProperty,"i just painted my fence, now its scratched after today"
GeneralInquiry,Can you please provide information about your clinical waste collection service? My elderly mother requires regular disposal of medical items. We live in the Chard area. Thank you for your assistance.
DamagedProperty,the driver scraped my parked car and drove off!! big scratch down the side. happened on pine road this morning. need your insurance details urgently!!!
MissedCollection,why was our bin ignored? left right by the curb like always
GeneralInquiry,How often is the recycling collected in Somerset?
GeneralInquiry,Are collections affected by the bank holiday?
MissedCollection,매번 내 쓰레기통을 건너뜁니다. 제발 도와주세요. (Korean: MissedCollection)
MissedCollection,"Hi, our entire neighbourhood wasn't collected today. Any updates?"
PositiveFeedback,Never have issues with missed bins
ServiceComplaint,Your drivers keep leaving rubbish on the street after collecting. This is unacceptable.
MissedCollection,"hi, just wanted to report that our greenbin wasn’t emptied again today. it was supposed to be collected early this morning but nothing. bin was out since last night so that’s not the issue. neighbours bins also still full. not sure if truck broke down or what?? starting to get a bit annoying now because we don’t have space left and next week is a different collection. pls let me know when someone can come back. thanks."
PositiveFeedback,Thank you for the new recycling boxes you delivered last week. Very sturdy and much appreciated!
ServiceComplaint,"I’m writing to formally complain about repeated service issues with GreenBin Recycling. Over the past few months, collections have been irregular and poorly executed. Bins are sometimes emptied but lids left open, leading to rain soaking the contents, or they are dragged and dropped carelessly. I have contacted support before but only received automated responses. As a resident, I rely on this service and expect a basic level of consistency and care. I would like to know what steps are being taken to address these problems and whether service standards are being reviewed. I look forward to a meaningful response."
ServiceComplaint,this is getting ridiculous!!! every month same issue!!!
GeneralInquiry,"Just moved in, how do I sign up?"
MissedCollection,"Our recycling wasn’t collected due to parked cars, can you reschedule?"
MissedCollection,bin still full. third week running. same story. im honestly beyond caring now but the mess outside is embarrassing. neighbours asking whats going on. i dont have room to store it inside. what do you expect people to do? ive done everything right. i want someone to take ownership of this problem instead of passing it around. this is a basic service and its failing badly.
DamagedProperty,flowerpot broken
MissedCollection,Missed again you lazy bastards. This is ridiculous now.
MissedCollection,this is getting silly now. another missed collection. ive lost count. please escalate this internally because frontline responses are clearly not fixing anything.
GeneralInquiry,how do i pay my bill? do you accept online payments
MissedCollection,My recycling bin still hasn’t been emptied and now it’s freezing cold; contents frozen solid. When will you collect?
DamagedProperty,Dogs bowl smashed again
DamagedProperty,Fence damaged.
PositiveFeedback,Thank you for returning my bins so neatly today. Much appreciated.
DamagedProperty,Solar light wrecked after crew left
MissedCollection,"Missed collection, bin now overflowing."
ServiceComplaint,"ok so why is your info sooo confusing?? leaflet says you take “mixed plastics” but then the website says “bottles only” and then your sticker says “no film” but no one told us that?? i’m in yeovil and i’m done with guessing games. i rinsed everything, flattened it, sorted it, and STILL got told off like i’m naughty. i want a clear list, in plain english, for my postcode. also tell your staff to stop being snarky. one guy literally rolled his eyes at me when i asked a question. i’m not the problem here. your comms are."
ServiceComplaint,The bin men were shouting and swearing loudly outside my house this morning. Very unprofessional behaviour.
DamagedProperty,"Your crew broke the lid off my recycling bin this morning. I watched them throw it back onto the pavement and the plastic hinge snapped completely. Now the rain is getting into the paper and cardboard and making a mess. I need a replacement bin as soon as possible. This is the second bin you've broken in six months. Please send a new one to 88 High Street, Bridgwater."
DamagedProperty,Scratches all along my curb stones.
GeneralInquiry,Do you take glass jars in the green bin?
ServiceComplaint,Rubbish left in the street
ServiceComplaint,They broke my bin lid AGAIN. Please send a replacement.
ServiceComplaint,"Good afternoon, I wanted to raise a concern about one of your drivers who was very rude to my elderly mother when she tried to ask about the new recycling schedule. He shouted at her to move away from the lorry. I’d appreciate it if someone could look into this."
ServiceComplaint,I’ve had multiple unresolved issues and feel ignored. This complaint is about the system failing residents.
MissedCollection,"our bin wasnt emptied today. again. 😡 it’s getting silly now. we follow all the rules, sort everything properly, put it out on time, and still get skipped. neighbours across the road were collected so no idea why ours was left. please dont just send a generic response, we actually want this sorted because the bin is overflowing and smells already."
DamagedProperty,"wheelie bin handle snapped, never had this issue before"
GeneralInquiry,"Hi, how do I request an extra recycling bin?"
MissedCollection,wheres my bin collection?  its friday and nothings been picked up yet
MissedCollection,u didnt pick up again 😡 this is second time this month
ServiceComplaint,"Drivers speeding down our lane, dangerous!"
MissedCollection,"Hey, my road has still been missed. Can you give me a time when you'll come back around?"
DamagedProperty,"My wheelie bin is broken after collection, lid snapped off."
DamagedProperty,One of your drivers reversed into my wheelie bin and split it open. Need replacement ASAP.
PositiveFeedback,Text updates are awesome
DamagedProperty,The bin cart made scratchez on my car 🚗 yesterday while reversing. Fix it NOW!!
MissedCollection,"Hello team, unfortunately our household waste bin was not collected on the usual collection day (Wednesday) for postcode TA6 3XX. Could you advise when this will be resolved? Thank you."
GeneralInquiry,"Hello, could you please tell me what day is our recycling collection day? We recently moved to Somerset and I'm not sure about the schedule. Our postcode is TA6 7DE. Thank you very much!"
MissedCollection,no show for recycling this week. what gives?
DamagedProperty,They knocked my gate off its hinges during collection last month. Still waiting for them to fix it.
ServiceComplaint,Why do your drivers always leave bins scattered across the road? Takes hours to collect them all
DamagedProperty,Driveway dented by heavy lorry.
GeneralInquiry,what time do the bins need to be out by in chard? and do i need to separate plastic bottles from cans or nah?
GeneralInquiry,Do you operate during bank holidays? Please let me know!
MissedCollection,"bin out since Tuesday, not collected"
MissedCollection,collection truck went past without stopping AGAIN
PositiveFeedback,Great service today in Bath. The crew were very helpful with my elderly neighbor.
MissedCollection,bin wasnt collected this week??????
DamagedProperty,One of your workers kicked my bin into the garage door and dented it quite badly. Please can you pass this on to your insurance team.
DamagedProperty,Your employee damaged my wheelie bin - it's now got a massive dent and doesn't close properly anymore.
GeneralInquiry,Could you confirm if old electronics like toasters can be recycled through your service or need to be taken to a depot?
DamagedProperty,My driveway gate was scratched by the lorry this morning.
ServiceComplaint,Online form message no reply
MissedCollection,Our bins haven't been collected since last Tuesday. It's a health hazard at this point.
DamagedProperty,My recycling bin’s wheels were broken off yesterday.
DamagedProperty,There are deep tyre marks across my verge from the truck turning around.
MissedCollection,Recycling lorry drove past and didn’t stop. I waved. Bin left untouched.
MissedCollection,My recycling box was missed. It’s sitting right on the kerb.
MissedCollection,still waiting for collection on baker street
PositiveFeedback,Love new text alert system
GeneralInquiry,Where can I find the recycling calendar?
GeneralInquiry,do u take old paint cans? dont wanna throw them in normal rubbish
DamagedProperty,My hedge was flattened by the truck.
MissedCollection,Missed collection again for the third week running at the flats on Richmond Road. We have a communal bin area and it is overflowing. It is becoming a health hazard. Please send a large truck to clear it all today.
ServiceComplaint,customer line don't reply
PositiveFeedback,Just wanted to say a big thank you to the GreenBin team! Bin always collected on time and the lads are always cheerful 😊
MissedCollection,nothing collected on mill road
GeneralInquiry,Do you collect on bank holidays? Specifically Easter Monday?
DamagedProperty,Truck clipped the curb and damaged my driveway edge.
PositiveFeedback,"Really appreciate the reminder emails, makes life easier!"
MissedCollection,"Yo greenbin lads, where's my collection? Bin's been out since 7am Tuesday, still there at 8pm 😤"
ServiceComplaint,You left the bin lid open and now it’s full of rainwater. Thanks a lot.
MissedCollection,my bins are still full and its 6pm. are u coming or what?
GeneralInquiry,When will I get my collection calendar for 2026?
MissedCollection,"Hey, it's Thursday and my bin's still here. Guess you guys forgot again? Let me know when you'll actually take it. Cheers."
ServiceComplaint,I've sent multiple emails with ZERO reply! Terrible management of inquiries 🤷.
ServiceComplaint,"Never friendly, don’t say hi, not nice"
MissedCollection,"Missed pickup today, first time ever but thought I'd flag it."
MissedCollection,"hola, mi contenedor de reciclaje no fue vaciado hoy. ¿podrían informarme cuándo vendrán? gracias."
MissedCollection,no collection agen.... this is getting ridiculous 😤😤😤
MissedCollection,Why my bin always missed never neighbours
ServiceComplaint,why are collections so inconsistent lately???
DamagedProperty,One of your workers threw my recycling box back so hard it cracked the lid and hit my flower pots. Not happy.
GeneralInquiry,Can I recycle plastic film and food packaging?
MissedCollection,recycling wasnt collected but rubbish was. weird.
MissedCollection,"no rec. pickup this week, again. so bad service"
MissedCollection,Missed collection. 22 Maple Drive.
DamagedProperty,Your men broke my plant pots. Want replacement.
DamagedProperty,Bin broken.
ServiceComplaint,Drivers ignore notes left on bins.
GeneralInquiry,can i recycle batteries at the kerbside?
MissedCollection,oi greenbin where u at my black bin still full af
GeneralInquiry,"Lost bin bag, what do?"
GeneralInquiry,Just wondering if pizza boxes are allowed?
ServiceComplaint,Your staff were rude when I asked a simple question.
PositiveFeedback,Customer support was clear and easy to deal with.
GeneralInquiry,Is there a minimum contract length with GreenBin Recycling?
ServiceComplaint,I am requesting escalation of my complaint as previous contacts have not resolved anything.
MissedCollection,bin not emptied
DamagedProperty,"The collection crew reversed into my fence and bent the panels. No apology, no report, nothing. I had to find out from a neighbour. This behaviour is unacceptable and I want this logged as a formal complaint."
MissedCollection,For the third time this month our black bin wasn't collected!! This is becoming ridiculous now. Postcode TA2 6XY. Please arrange collection tomorrow morning at latest!!!
GeneralInquiry,"Hey, do you collect Christmas trees? And if yes, when and how do I put it out? Cheers!"
ServiceComplaint,the bin men are so rude!! shouted at my daughter for no reason when she was just asking when they come next. not happy at all with the attitude
DamagedProperty,im absolutely fuming m8. the bin lorry just reversed into my low stone wall at the front of the garden and knocked two of the top stones clean off!!! i saw it happen from the window but by the time i got to the door the driver was already speeding off down the road. he didnt even stop to check the damage or leave a note or nothing. this is pure negligence. i have the whole thing on my ring doorbell camera so dont try and deny it. i want someone to come out and look at the wall and pay for the repairs because it was perfectly fine before your driver smashed into it. my address is 12 orchard close. someone better call me back today or im going to the police about a hit and run. 😡😡😡
GeneralInquiry,Do you have student discounts for collections?
ServiceComplaint,I've been on hold for 45 minutes trying to reach someone about my account. This is unacceptable!
ServiceComplaint,"Crew left broken glass on pavement, dangerous."
DamagedProperty,My car was scratched while parked outside my house during the recycling collection. The timing lines up exactly with when your truck was present. There are green paint marks consistent with your vehicle. I expect this to be investigated seriously.
DamagedProperty,The bin lid was melted or warped somehow.
MissedCollection,"Hi, our green bin on Willow Close wasn’t collected today (Tuesday) even though everyone else’s on the street was taken. Can you let me know what’s happened?"
ServiceComplaint,They emptied the bin but left rubbish all over the drive. Why not clean it up?
PositiveFeedback,Thank you GreenBin team for always doing such a great job! 😄
MissedCollection,"bin full, not collected AGAIN, this is getting silly now, fix it"
MissedCollection,no collection wednesday???
DamagedProperty,Just realised the truck caused damage on the left side of my curb. Really annoyed! Fix this 😤
DamagedProperty,your driver just smashed into my stone wall on the driveway in Shepton Mallet. I have it on CCTV. I need to speak to a manager IMMEDIATELY.
DamagedProperty,The crew scratched my gate while moving the recycling boxes.
ServiceComplaint,Very poor communication.  I had to chase you for weeks about my complaint.
MissedCollection,missed AGAIN ffs
MissedCollection,"I would like to log a missed collection for my recycling bin. Everything was done according to guidance. I’ve attached nothing here because the form doesn’t allow it, which is another issue. Please acknowledge this report and let me know when the bin will be emptied."
ServiceComplaint,the smell from the missed collections is attracting rats. this is a health hazard!!
MissedCollection,why dint u take my bin? its still full. pls come bak
ServiceComplaint,"The condition of the bins after collection is often poor. Lids cracked, bins dragged across gravel. This is a complaint about care and professionalism."
ServiceComplaint,"Been waiting 2 weeks for a replacement bin, no updates at all."
MissedCollection,missed collection ref 889
ServiceComplaint,The driver was very rude when I asked why he couldn't take my extra cardboard.
MissedCollection,"Missed collection, no explanation, same story."
GeneralInquiry,what day is recycling collected on lower road? just moved in.
MissedCollection,bin men didnt come. waited all day. now what?
GeneralInquiry,Is there a charge for replacing an old bin?
ServiceComplaint,bins are often left blocking the driveway. please remind crews.
MissedCollection,Missed collection for food waste caddy at 5 North Road. The main bins were taken but the small caddy was left full on the pavement. Can you please come back for it? It's going to attract foxes if it's left out overnight.
MissedCollection,collection missed 2nd march
MissedCollection,"hello, can u pick up my recycling?? missed AGAIN. whats going on, guys??"
GeneralInquiry,How to flag missed collection?
MissedCollection,been waiting 14 days for collection now.  wheres my bin???
DamagedProperty,Front garden plants trampled
ServiceComplaint,Why is service worse than last year?
DamagedProperty,My gate hinge was bent after your truck clipped it.
DamagedProperty,"After today’s collection, our bin has a huge dent and won’t close."
MissedCollection,missed collection today at our address. bin out since last night. no obstructions. this keeps happening every few weeks and its driving us mad. pls arrange a pickup asap because there is literally no space left in the bin. thanks.
GeneralInquiry,"Hi, do you provide replacement recycling boxes? One of ours has cracked from wear and tear. Thanks in advance."
ServiceComplaint,Why do the bin men always leave the lids off? Rain gets in and everything gets soggy ffs.
ServiceComplaint,Your driver was blasting music so loud at 7am! Some of us are trying to sleep you know!!
PositiveFeedback,"Excellent service!  Punctual, friendly, and reliable. Wouldn't switch providers."
MissedCollection,I don’t get why you keep missing this house.
PositiveFeedback,"Just wanted to say thanks, the crew on our route are always friendly 😊"
MissedCollection,nobody came for the bin today??? whats going on
DamagedProperty,My gate won’t close now crew left it open
MissedCollection,"still waiting on missed collection from last week, bin overflowing now."
MissedCollection,hey guys the black bin wasn't emptied today :(
PositiveFeedback,Friendly staff and great communication regarding the Christmas schedule. Very happy with the service provided by GreenBin in Somerset.
MissedCollection,"bonjour, my recycling bin was not collected today even though it was put out correctly. this keeps happening and i am very unhappy. i live at the same address for years and suddenly there are problems. please fix this quickly because it is causing issues at my home."
MissedCollection,no show today. bins out since last night. help?
ServiceComplaint,Unacceptable mess afterwards
ServiceComplaint,Really disappointed with the new collection schedule. It's inconvenient and seems poorly planned.
DamagedProperty,"Hi, the crew left the bin lid propped against our greenhouse where the wind caught it, sending it through a pane of glass. We’ve temporarily boarded it up but seedlings are at risk from frost. Appreciate compensation for glazing and would also like a reminder to secure loose lids in future to avoid repeat incidents."
DamagedProperty,your team broke my fence while reversing. contact me immediately.
GeneralInquiry,Can I get an extra recycling bin?
MissedCollection,Why no pick up my flat? third week now
MissedCollection,"bin still full!!! no one came down our road today, somerset, pls sort it"
ServiceComplaint,Your drivers are pigs. Left rubbish everywhere on my street again. Lazy useless wankers.
ServiceComplaint,"bruv, i ain't paying council tax for my living room to smell like bin juice. every monday your truck parks outside our flat with engine running, hydraulic arm leaking some funky brown liquid all over the gutter. it's been three weeks and the stain is still there attracting flies. can you sort the leak or park further down? postcode ta2 6er. neighbors started calling it trash creek which is funny until you realise it flows straight into the storm drain. please fix before next collection and save us from the smell."
DamagedProperty,Damage to fence panel where the truck turned around. Please contact me.
MissedCollection,"Friday collection didn’t happen, now everything’s piling up."
MissedCollection,my adress always skipped why
GeneralInquiry,how to recycle batteries?
MissedCollection,missed collection AGAIN.  sort it out please!!
ServiceComplaint,"your app never updates correctly, says collected when it wasnt."
ServiceComplaint,"Overall service quality has declined, including poor handling of bins and lack of notice for changes. This is a general complaint about operations, not a single missed pickup."
MissedCollection,oi where are you guys?? bin was out since 6am in Taunton and you just drove past. second time this month mate sort it out.
GeneralInquiry,can u tell me how to get a bigger recycling bin? ours fills up super fast and we end up with bags left over. not sure if there’s a form or if i need to call someone. also do you charge for a bigger one or is it included? thanks.
GeneralInquiry,"Hi GreenBin, do you offer any discounts for pensioners or low-income households? Thank you for your time."
GeneralInquiry,Is there a way to report missed collections online or do I have to call?
GeneralInquiry,"Bonjour, pouvez-vous me dire si vous collectez le verre séparément ou avec le recyclage mixte? Merci!"
MissedCollection,"still uncollected, urgent now"
DamagedProperty,The lorry clipped our garden wall during collection on Friday and several bricks are loose now. Please advise next steps.
DamagedProperty,"Your truck hit a low hanging branch on my property and tore a large limb off the tree, which fell across my driveway. The driver didn't stop. I have had to hire someone to clear the wood. I will be sending you the invoice for the tree surgery and clearance."
ServiceComplaint,"absolute shambles of a service. every time there’s an issue it’s somehow the customer’s fault. never your systems, never your staff. amazing how that works 🙄"
ServiceComplaint,I’m fed up with the unreliable timing of collections. Can’t you stick to a schedule?
DamagedProperty,Big scrape down my car from your truck on Dec 30th. I want this sorted immediately.
DamagedProperty,"hey the bin man smashed my fence post when he was turning round, pics attached, need this sorted"
ServiceComplaint,bins left out for 3 days now after collection. please can someone come pick them up??
PositiveFeedback,"The new electric trucks are so much quieter! Thank you for making the switch, it makes a big difference in the mornings. Love seeing GreenBin going green!"
DamagedProperty,"Your lorry reversed into my garden wall this morning!!! There's a huge crack now, who's paying for this??"
GeneralInquiry,can I put larger items in bin?
MissedCollection,Yo my bins still full. What happened?
PositiveFeedback,"Bin men smile at my gran, she loves them!"
MissedCollection,"Collection missed, please rearrange asap as bin is overflowing!"
GeneralInquiry,Do you collect food waste separately or not?
MissedCollection,"Hello, missed bin collection again this morning. This is becoming a regular problem for us at 12 Church Lane, Taunton. Please advise when it will be collected. Thank you."
GeneralInquiry,How do I apply for an additional recycling bin?
PositiveFeedback,fantastic service! your team goes above and beyond. much appreciated 😊
MissedCollection,Bin still full after scheduled day.
GeneralInquiry,when does the christmas collection schedule change start? thanks
ServiceComplaint,"terrible service, waited 3 weeks for replacement bin and still nothing"
PositiveFeedback,Can't fault the service! Always reliable and the team are lovely. Thank you!!
MissedCollection,Recycling collection missed AGAIN. Starting to think my house is invisible.
GeneralInquiry,Do you collect garden waste as well as general recycling and general waste?
ServiceComplaint,Your website info is outdated.
ServiceComplaint,"terrible service lately. always late, bins left everywhere. do better!!!"
GeneralInquiry,Can students apply for extra bins at shared houses?
ServiceComplaint,Why do your workers always leave litter behind when they empty the bins? Isn’t it their job to keep the area tidy?
GeneralInquiry,"I'm moving house next week, do I leave the bins behind?"
DamagedProperty,Fence knocked after today’s collection
ServiceComplaint,"Very unhappy with the service lately, bins late every week."
ServiceComplaint,"Collections used to be morning, now theyre at random times. Very inconvenient."
PositiveFeedback,"Just wanted to say thanks, great service as always!"
MissedCollection,"Bonjour, ma poubelle n’a pas été ramassée aujourd’hui. (French: MissedCollection)"
MissedCollection,missed again. bath area. 3rd time this year.
DamagedProperty,The bin was thrown against my gatepost and now the post is leaning badly.
ServiceComplaint,Bins left all over the pavement. Residents are complaining.  Sort it out please!
GeneralInquiry,Are you collecting on bank holidays this year?
GeneralInquiry,"Just moved to the area, how do I sign up for GreenBin Recycling?"
MissedCollection,nobody came for the bin today??? it's been out since 6am
GeneralInquiry,How to get replacement bin lid
MissedCollection,Still waiting for collection from LAST WEEK. This is getting really annoying.
GeneralInquiry,Do you provide compost bins too or just recycling and waste?
DamagedProperty,the bin lorry reversed into my garden wall this morning and cracked three bricks. happened at approx 10:20am on Rose Crescent. please contact me urgently
DamagedProperty,The lid of my bin was broken off and left on the ground. No explanation. No apology. Completely unacceptable.
DamagedProperty,"When your recycling crew collected the bin this morning, they managed to damage my wooden front gate quite badly. There are deep scratches and the hinge has been bent so the gate no longer closes properly. I watched this happen from my window, so please don’t try to deny it. The bin was dragged aggressively across my driveway and slammed into the gate. This gate is not cheap and was installed less than a year ago. I expect GreenBin Recycling to take responsibility for the damage caused by your staff and explain how I can claim for repairs. Ignoring this will not make it go away."
PositiveFeedback,"Quick customer service, my issue solved straight away"
GeneralInquiry,do you take old mattresses or is that not your thing?
DamagedProperty,the bin lorry scraped my car today!! silver paint all over the bumper :(
GeneralInquiry,How do I report an issue with my bin?
MissedCollection,missed bin day again!!! bin still full outside since last thursday when's it coming???
PositiveFeedback,"Fantastic service as always! Bin emptied perfectly, no mess left behind. Keep up the good work guys!!"
ServiceComplaint,"This is a complaint about your crew smoking and dropping cigarette ends near our bins. I’m in Glastonbury and I watched one of your workers put out a cigarette on the pavement and leave the butt there. That’s disgusting and it’s also a fire risk when there’s cardboard around. If your staff want to smoke, fine, but clean up after yourselves. I’m not paying for a service that adds litter to my street. Please remind crews of basic standards and confirm your policy on smoking during collections. I have the vehicle reg if you need it, and yes, I will report it if it happens again."
PositiveFeedback,"Amazing staff, credit to company"
MissedCollection,"Hi GreenBin, bin not collected yesterday in Wellington area. Still full and starting to smell. When can we expect collection?"
PositiveFeedback,Excellent service this month! Everything spotless and on time. Keep it up GreenBin!
DamagedProperty,The heavy bin was dropped on my water meter cover and cracked it. Now it's a trip hazard.
MissedCollection,"missed mine, neighbours fine"
PositiveFeedback,Really appreciate reminders
GeneralInquiry,Just checking if you cover flats as well as houses?
MissedCollection,hey my bin’s still full lol did i miss something
MissedCollection,"Crew drove past, didn’t stop, why"
ServiceComplaint,driver nearly hit my car while reversing. needs more training.
GeneralInquiry,what items are not allowed in the green recycling bin pls
GeneralInquiry,Can I put cardboard boxes out next to the bin if it’s full?
MissedCollection,bin still full... no truck came down our road this morning 🤷‍♂️
DamagedProperty,"After your team came yesterday, I noticed deep scratches on my garden wall where the bins are kept. I’d like to request someone come out to assess the damage."
DamagedProperty,The recycling truck has knocked my wing mirror off when passing. Mirror is hanging by wires.
GeneralInquiry,asking about a refund for last month's service due to missed collections
ServiceComplaint,"Service has gone downhill in recent months, very inconsistent compared to before."
DamagedProperty,Broken wheel on bin after last week.
DamagedProperty,Property damage needs assessment.
GeneralInquiry,Can I recycle pizza boxes if theyre greasy?
MissedCollection,"Missed my blue bag collection today. Everything else was taken. Please return to collect it as it contains a lot of cardboard. Address is 77 Meadow View, Minehead."
GeneralInquiry,Can I put small electricals out for collection?
PositiveFeedback,"Nice to have reliable, friendly bin staff"
DamagedProperty,Your truck damaged my front garden wall on 28th Dec. There are bricks missing and it's leaning badly. Please send someone to assess.
ServiceComplaint,"Bins thrown back blocking the drive, not happy."
ServiceComplaint,Sick of coming home to my bins thrown everywhere
ServiceComplaint,terrible service tbh
DamagedProperty,Wheel on the bin is completely broken after last week. Please send replacement.
ServiceComplaint,customer service line is hopeless can’t get thru
GeneralInquiry,"Hi there, can I request a replacement bin? Mine has gone missing :/"
PositiveFeedback,"Always polite, lovely service"
DamagedProperty,"side fence hit, wobbly now"
GeneralInquiry,Need info on garden waste service please.
ServiceComplaint,"Crew were rude when I asked a simple question, not acceptable."
MissedCollection,bin not emptied again!!! this is the 2nd time this month. rubbish piling up 😡 pls sort it
GeneralInquiry,How do I report a missed collection? Is there a simpler online form for this?
MissedCollection,collection missed again in bridgwater. joke.
ServiceComplaint,"Why does it take forever to get a response from you? I submitted a complaint 9 days ago about repeated contamination stickers and I’ve heard nothing except an automated ‘we’ve received your message’. That’s not a response. I’m in Minehead and I’m tired of chasing. If you have high volumes, staff properly. Don’t accept more contracts than you can manage and then treat residents like we should just wait. I want an update with a real reference number and a named person handling it. If I don’t get that, I’ll escalate through the council complaints procedure and include screenshots showing how long you’ve ignored it."
PositiveFeedback,Best recycling service I've used.
ServiceComplaint,Staff parked blocking my driveway while collecting bins on New Year’s Eve. I nearly missed my guests because of their van.
DamagedProperty,The truck took out my wing mirror this morning. I've got the reg number.
MissedCollection,"Customer since 2019, this is unacceptable. Missed recycling collection – please apologize."
GeneralInquiry,Can I book a bulky waste collection through you?
MissedCollection,still no collection on pemberton road - its been 3 weeks now!!!
PositiveFeedback,Really appreciate the extra help bringing the bin back up the drive.
GeneralInquiry,"Hello, how do I report a damaged bin for replacement? What's the process please?"
MissedCollection,"bin still outside wasn't picked up again third week guys, please help"
ServiceComplaint,"Poor service once again. Our bins are always half-emptied, and the drivers are rude when approached."
GeneralInquiry,Good afternoon. Could you please clarify if your facility accepts Grade 5 plastics (PP)? The local council website was somewhat ambiguous on this point.
GeneralInquiry,"Hi there, how do I report a missed collection online? Can't find the form."
ServiceComplaint,why is it so hard to get consistent service??
PositiveFeedback,Best waste service provider in Somerset hands down. Keep doing what you're doing!
DamagedProperty,Your truck scraped the side of my car while collecting.  Now theres a big dent and scratch.
DamagedProperty,Mailbox ruined
ServiceComplaint,"I am unhappy with the tone of the last response I received, which felt dismissive and rushed. As a resident raising legitimate concerns, I expect professionalism and courtesy. The issue was not resolved and the response implied fault on my part, which is incorrect. Please review how complaints are handled."
ServiceComplaint,"Spoke to your ""customer service"" today. What a rude cow. Zero help whatsoever."
GeneralInquiry,what is process for business accounts
MissedCollection,"Crew skipped me again, even tho bin out early."
MissedCollection,left bin at road but wasnt emptied. help
GeneralInquiry,what happens to the materials after you collect them?
MissedCollection,U missed my bin!!!!! Sort it out now.
GeneralInquiry,"Hi, how do I report a missed collection online?"
MissedCollection,"my bin still got rubbish after pickup, did you forget?"
ServiceComplaint,Drivers blocking the entire street is NOT OK. Something needs to change.
GeneralInquiry,How do I get a new recycling bin please? I've just moved house.
PositiveFeedback,greenbin recycling is the best.  great service great company
GeneralInquiry,How to update my address?
DamagedProperty,I am writing to report damage to my garden gate. The recycling collector slammed the gate so hard after emptying the bins that the latch has snapped off. This happened at approximately 9:15 am today at 45 Bridge Street. I expect this to be repaired or the cost of a new latch reimbursed. I have photos of the broken part.
ServiceComplaint,Had to chase after your truck this morning
GeneralInquiry,What size bins are available?
DamagedProperty,Window box knocked over again
ServiceComplaint,bin men were rude when I asked why they left the lid open. attitude stinks worse than the bin!!
MissedCollection,Morning—my bin was out before 7 AM but still here. Do you need a photo? Let me know asap!
GeneralInquiry,What items are not allowed in the blue recycling bin? Need to know for my new housemates.
MissedCollection,"Black bin not emptied today, everything else on the road was done except ours."
GeneralInquiry,"Hello, could you please tell me what types of plastics you currently accept? I’ve heard there have been some changes and I want to make sure I’m sorting correctly. Thank you."
DamagedProperty,Fence post snapped when bin was dragged back.
ServiceComplaint,Bins were collected but your team left rubbish scattered all down the street. Looks awful and attracts seagulls.
DamagedProperty,"After your last visit, our wheelie bin has a big crack in it. Could you send a replacement?"
ServiceComplaint,"I’m complaining about the constant noise and reckless speed of your lorries at 6am in the residential area (Somerton). I get that collections are early, but there’s early and then there’s slamming bins, revving, and shouting like it’s a building site. My kids were woken up, my dog went mad, and I have a newborn. It’s not acceptable. Other services manage to do collections without sounding like a demolition crew. I want your drivers reminded that people live here and that speed limits apply. If I see that vehicle number again flying down the road, I will be reporting it with dashcam footage. You don’t get a free pass because you’re “doing a job”."
DamagedProperty,This is the second damaged bin this month!!  how many times do I need to complain before you replace them?
DamagedProperty,The truck scraped the side of my car parked near the curb this morning. There’s a clear scrape from the front to the rear wheel arch. Please contact me to arrange insurance details.
MissedCollection,"Hi, my green bin on Oak Close (TA6) wasn’t collected this morning again. It’s still full and neighbours’ were done. Can someone check please?"
ServiceComplaint,Why has the collection day changed without notice?
MissedCollection,Your lorry drove straight past our house and didn’t stop to empty the bin.
PositiveFeedback,"You lot do a cracking job, appreciate it."
MissedCollection,"My bins sat out, nobody came"
ServiceComplaint,"I’m writing to formally complain about the overall quality of service from GreenBin Recycling. The crews are inconsistent, the schedules seem to change without notice, and customer support is almost impossible to deal with. Every time I submit a form I get a vague response days later that doesn’t answer the question. I understand things get busy, but there is no excuse for the lack of communication. The website says collections are weekly yet that clearly isn’t happening in practice. I’ve lived in Somerset my whole life and this is the worst waste service I’ve experienced. I expect a proper response explaining what standards you operate under and how you plan to improve."
PositiveFeedback,Thank you for your excellent service! Always reliable and the team are very polite.
MissedCollection,"Good morning, unfortunately our blue recycling bin was not collected yesterday. Could someone please attend to this? Many thanks."
GeneralInquiry,Blue bag schedule?
ServiceComplaint,Your customer service line just rings out. Tried 3 times today. Not impressed.
ServiceComplaint,"Why is it always chaotic, bins in the road after"
GeneralInquiry,"Hi, can you tell me what day garden waste is collected in Frome? Just moved here."
ServiceComplaint,Bins thrown over my hedge
ServiceComplaint,so slow today bin guys whats up
DamagedProperty,"bin lid broken after u emptied it last week, now it wont close properly :("
ServiceComplaint,"Hello, I would like to express my dissatisfaction with the recent changes to the recycling schedule. The new timings seem poorly thought out, especially for working households. Bins are now being collected very early in the morning without warning, and if they are not out in time, they are simply skipped. There was minimal notice about this change, and not everyone checks the website regularly. I believe better communication and perhaps a grace period would help avoid unnecessary frustration. Please consider reviewing how these changes are communicated to residents."
DamagedProperty,"Not happy – the hydraulic arm on your vehicle spilled fluid on our newly laid tarmac drive, leaving an oil stain the size of a dinner plate. It will not come off with detergent. I’d like this cleaned professionally or resurfaced. The driveway cost over four thousand pounds last month and the contractor says oil will weaken the surface if left untreated."
MissedCollection,"Good morning, I am writing to report that our recycling bin (blue one) was not emptied on the scheduled date of 15th December. Address: 47 Maple Avenue, Bridgwater. Could you please arrange a special collection? Many thanks in advance."
ServiceComplaint,The bin they gave me is too small for my household. Been asking for a bigger one for months.
DamagedProperty,they dropped my bin from height and now its cracked all over. needs replacing.
PositiveFeedback,Love how quick and efficient you guys are. Makes recycling easy :)
GeneralInquiry,How much is it for an extra brown food waste bin?
MissedCollection,"green bin skipped today, please advise"
PositiveFeedback,Really appreciate how friendly the crew are 😊
GeneralInquiry,what time do the crews start in the morning?
DamagedProperty,Bin got mangled in the collection mechanism. Handle snapped off completely. Unusable now
PositiveFeedback,Really impressed with the new recycling service.  Much more efficient than the old company. Well done GreenBin!  🌱
DamagedProperty,A member of your crew scratched my car while moving the bin. I was inside and saw it through the window. They left without saying anything. I have photos.
ServiceComplaint,"I am honestly at my wits end with GreenBin Recycling and the way this company operates. I have lived in Somerset for over ten years and I have never had such consistently poor service from any waste company. Your crews arrive whenever they feel like it, sometimes before 6am waking my entire household, other times not at all, and when I try to call or fill in the online form I get a generic response days later. I work from home and need some level of predictability, which clearly is too much to ask. The bins are left in the middle of the driveway, blocking my car, and I am expected to clean up after your staff. This is not a free service, and even if it were, basic courtesy should still apply. I want someone senior to actually read this, not an automated system. If this continues I will be escalating this matter to the council and posting publicly about my experience because frankly this is unacceptable."
GeneralInquiry,What items aren’t accepted in the recycling? Confused about plastics.
GeneralInquiry,Is there an option to get reminders for collection day via email or text?
MissedCollection,my recycling bins havnt been collected in over a week now what is happening???
PositiveFeedback,gr8 j0b as alwayz!
ServiceComplaint,"Your online form is a joke. I filled it in twice, it crashed, and then when it finally submitted it gave me zero reference number. So how do I know you’ve got it? Do I just hope? I’m trying to report that the crew keep slapping “contaminated” stickers on my bin when it’s literally cardboard and tins, nothing else. It feels like they can’t be bothered and just want an excuse to skip. I want someone to actually look at this, not send me another copy-paste paragraph. And please don’t tell me “remove the wrong items” when there ARE no wrong items. This is making me seriously regret bothering to recycle at all."
MissedCollection,Whole block missed. Some bins totally overloaded.
ServiceComplaint,The collectors left all the bins scattered across the pavement again. Elderly neighbours struggling to get past. Please improve.
ServiceComplaint,"Keeps happening: lid left open, crows everywhere. Pls tell staff"
MissedCollection,"another week, another missed bin. consistency in failure at least."
DamagedProperty,"Bin handle snapped, now I can't move it."
MissedCollection,Why wasn’t my recycling collected today? It’s getting very frustrating!!
PositiveFeedback,Just a quick message to say how pleased I am with your service. Reliable and professional. Keep it up!
PositiveFeedback,"Lovely lads on the truck today, gave my son a wave 😊"
GeneralInquiry,Are you open on weekends for drop off?
DamagedProperty,Hose split by bin
DamagedProperty,Bin damaged badly.
GeneralInquiry,I just moved to the area (TA2) and want to know what day collections are for my address.
PositiveFeedback,Wouldn't switch to anyone else. Thanks for sticking to your eco principles!
DamagedProperty,Your worker dropped my bin and the wheel snapped off. It was fine this morning.
GeneralInquiry,need a new green bin. mine went walkies.
ServiceComplaint,"I filled out the form twice already and no one has replied, pretty poor communication."
PositiveFeedback,always friendly even on cold days
GeneralInquiry,Can I get an extra recycling bin? We have a big household.
DamagedProperty,"broken bin, need replacement. cracked down the side."
PositiveFeedback,really impressed with how your company operates. environment focused and reliable 💚
DamagedProperty,The lid on our recycling bin is cracked after today’s collection.
GeneralInquiry,What's the difference between your blue and green bins?
PositiveFeedback,So pleased with your eco initiatives
PositiveFeedback,Thank you for working during bank holiday
DamagedProperty,Broken paving stone since bin collection
GeneralInquiry,"bonjour, pouvez-vous me dire si vous collectez les piles usagées séparément?"
MissedCollection,"Bonjour, la benne de recyclage n’a pas été vidée hier dans notre rue (St George Terrace, Frome). Nous avions sorti le bac vert la veille comme d’habitude, mais le camion ne s’est pas arrêté. Le conteneur déborde maintenant de cartons et de bocaux en verre. Pourriez-vous planifier un passage de rattrapage ou indiquer un point de dépôt voisin? Merci beaucoup de votre aide. My elderly mother lives with us and cannot carry heavy bags to the civic amenity site, hence our dependence on the kerbside service. We have always appreciated the friendliness of your staff and understand errors happen, yet we hope the situation can be resolved before the weekend market brings extra paper waste."
GeneralInquiry,Need info.
DamagedProperty,Fence scratched + plant pots broken after truck turned.
GeneralInquiry,"Hi, what’s the collection day for my postcode?"
GeneralInquiry,Are we allowed to put shredded paper in the black boxes or does it go in a separate bag?
PositiveFeedback,Big thumbs up to the GreenBin team! Best recycling collection service I've ever had.
ServiceComplaint,"Not impressed with the new schedule, no notice given."
MissedCollection,bin still here mate. been out since yesterday morning. when u coming??
DamagedProperty,hi your guys broke my wheely bin lid today when emptying it. its completely off now. need a replacement asap please
PositiveFeedback,Always reliable and friendly. Best service in the area.
MissedCollection,"Still waiting for my collection, left it at usual spot."
DamagedProperty,"bin lid smashed after collection today, was fine before"
DamagedProperty,Glass bottle broke on my drive after bin men left
GeneralInquiry,Do you pick up batteries?
MissedCollection,collection skipped my house but did neighbours
MissedCollection,whrz my bin?? not pickup last monday!?!?!? 😡
MissedCollection,"ok so once again the recycling has been missed. bin still full, no sticker, no explanation. this keeps happening on and off and im honestly losing patience. we do everything right, clean stuff, correct bin, out by 7am. neighbours are confused too. some of them got collected, some didnt. makes no sense. can someone actually look into this properly instead of sending generic replies? thanks."
DamagedProperty,The recycling truck banged into my garage door last night. Complaint reported!
DamagedProperty,Your truck scraped along my car this morning!! There's a massive scratch now!!
DamagedProperty,emails ignored about damage to my plants
DamagedProperty,my fence got broken by the truck. pls sort compensation
GeneralInquiry,"Hello, I’m looking for some clarification about what materials are accepted in the GreenBin recycling service. I’ve recently moved to the area and want to make sure I’m recycling correctly. Specifically, I’m unsure about soft plastics, food cartons, and metal lids. I’ve checked the website but some of the information is a bit unclear. Could you please confirm what should go in the green bin and what needs to be disposed of elsewhere? I’d rather ask than contaminate the recycling. Thanks very much for your help."
DamagedProperty,Every time you break a little more of my wall
PositiveFeedback,Str8 up brilliant
DamagedProperty,"Hi, your crew knocked over and broke our garden wall."
PositiveFeedback,Really appreciate the lads always waving and being cheerful. Makes Monday mornings better 😄
PositiveFeedback,"Service has been spot on recently, much improved."
DamagedProperty,The truck reversed into our garden wall this morning and knocked a few bricks loose. We have CCTV footage if needed. Please contact me urgently.
GeneralInquiry,Can I downsize my bin?
GeneralInquiry,"Hello, can you advise if you accept small electronics with regular recycling? I have a broken kettle and some wires. Thanks."
GeneralInquiry,"Hello, can I request an additional recycling bin for my household? We have 5 people living here and the current one is always full. What is the process and cost please?"
PositiveFeedback,Thank you GreenBin Recycling! Your team is always cheerful and efficient. Makes Monday mornings better :)
GeneralInquiry,"Hi, can you tell me which plastics are accepted in the recycling?"
MissedCollection,"emptyd all but mine, why me?!!!!"
MissedCollection,"Bonjour, mon bac de recyclage n’a pas été ramassé cette semaine. Merci de me dire pourquoi et quand il sera récupéré."
MissedCollection,"hello, our recycling was not collected on friday 12th. could you advise next steps?"
GeneralInquiry,What day is our collection supposed to be? We’ve just moved in.
MissedCollection,I waited all morning at the curb for the recycling truck — nothing. Is there a tech issue? Kindly respond.
MissedCollection,missed again!!!! this is getting beyond a joke now
MissedCollection,"Good afternoon, I’m contacting you regarding a missed GreenBin recycling collection at my property. The collection was due on Monday morning, and the bin remains full. I checked with neighbours and they confirmed their bins were collected as normal. I followed all guidance on placement and materials, so I’m unsure why ours was overlooked. This has happened twice recently, which is why I’m raising it formally now. I would appreciate confirmation of a return collection and an explanation so we can avoid repeat issues in the future. Many thanks for your assistance and for the work your team does overall."
GeneralInquiry,Is there a charge for garden waste bins?
DamagedProperty,You broke my bin!!! The wheel is gone.
DamagedProperty,Plants dug up after bin day
PositiveFeedback,Kids enjoy seeing the staff
GeneralInquiry,Will you collect from outside gate or need to leave at curb?
DamagedProperty,"Your truck ran over my garden edge yesterday, and now my stones are ruined."
MissedCollection,"Hi GreenBin team, our bin wasn't collected again this morning (3rd time in 2 months!!). We're in TA4 1XX postcode, bin is green wheelie as usual. Really frustrating as it's overflowing now. Please sort this out ASAP. Thanks."
MissedCollection,"Hello, my bin was missed, can you send someone?"
MissedCollection,"im writing AGAIN because my recycling was missed yet again. i dont know whats so hard about picking up a bin. its literally your only job. i left a note on it this time thinking maybe that would help, but nope. still full. still there. neighbours all done. mine not. i feel targeted at this point. do you have an issue with my address or what? because this pattern is getting suspicious. i want confirmation that someone is actually reading these messages and not just sending automated rubbish back."
DamagedProperty,"Hi, unfortunately our garden wall has been damaged during this week's collection. Please can someone inspect?"
PositiveFeedback,Big shoutout to the team. Super efficient and friendly service. Amazing work!
MissedCollection,"el camión no recogió mi reciclaje esta mañana, ¿pueden venir hoy por favor?"
GeneralInquiry,"We’ve just moved in, how do we register for collections?"
DamagedProperty,Mailbox got knocked over
ServiceComplaint,"Your drivers are always leaving the bins in the middle of the driveway, very inconsiderate!!!"
GeneralInquiry,"Hi, do you recycle batteries? If not, where should I dispose of them?"
GeneralInquiry,hi do u take old paint tins in recycling or not?
ServiceComplaint,"Not impressed, bins slammed around like rubbish."
MissedCollection,missed my adress 43 northbank road need collect soon
MissedCollection,same issue. same bin. same outcome. missed.
DamagedProperty,The collection lorry damaged my drive when reversing. There are now large cracks in the tarmac.
MissedCollection,"missed again 😡 third time this month, bin still full"
MissedCollection,no collection at all in snow?
PositiveFeedback,First time using GreenBin and very impressed so far.
PositiveFeedback,Thank you for such reliable service - makes life easier!
PositiveFeedback,"Crew gave a little wave to my kid, made his morning!"
MissedCollection,Scheduled for Friday collection but trucks passed without stopping. Very frustrating
PositiveFeedback,Quick response when I reported the damaged bin - replacement arrived next day! Brilliant.
GeneralInquiry,What happens to the materials after you collect them? Are they really recycled properly?
MissedCollection,missed again!!!!!!!!!!!!!!!
ServiceComplaint,"Collection staff left bins blocking the pavement again, makes it hard for prams and wheelchairs."
ServiceComplaint,Your crew spilled rubbish all over my front garden this morning. Took them ages to clean it up and they didn't even apologise. Very poor show GreenBin.
MissedCollection,please come pick up my recycling it was missed
MissedCollection,"Good afternoon, I would like to report a missed recycling collection for our property. According to the official schedule, today was our collection day. The bin was out from 7am and accessible. When I returned home from work, it was still completely full. There were no stickers or notes left to explain why it wasn’t collected. I would appreciate confirmation of when this will be resolved and if there was a particular reason for the miss."
ServiceComplaint,"Schedule changed without notice, caught us out completely."
MissedCollection,"hello?? anyone home??? another missed collection today. surprise surprise. bin out since last night. nothing wrong with it. weather fine. no road closures. no excuse. im honestly baffled how a company can be this consistently bad and still operate. ive contacted you so many times im starting to feel like a nuisance, but maybe if you did the job properly people wouldnt complain so much. i want a straight answer and a guarantee this will stop happening."
GeneralInquiry,Can I get new wheels for old bin?
DamagedProperty,"I am writing to formally complain about damage caused to my property by your recycling crew this morning. When the lorry reversed into our cul-de-sac, the driver clearly misjudged the space and drove straight over the edge of my lawn, completely destroying the border and cracking several paving slabs. I have CCTV footage which clearly shows the GreenBin vehicle and the time stamp. No one knocked on my door, no note was left, just damage and silence. This is not a minor issue; the repair will be costly and I expect GreenBin Recycling to take full responsibility. I should not have to chase a company to admit fault when the evidence is obvious. Please advise immediately on how you intend to compensate for the damage and who I should be speaking to, because ignoring this will only make the situation worse."
MissedCollection,collection was supposed to be monday.  its now wednesday and nothing.  absolutely useless service
GeneralInquiry,Which app to track my bin?
MissedCollection,"Hi, collection not done today, please advise"
PositiveFeedback,Thanks for being consistent.
GeneralInquiry,Collection day changed for holidays? pls confirm
MissedCollection,"This is ridiculous. My green bin was NOT collected on Tuesday despite being placed correctly, not overfilled, and clearly visible. I watched the lorry drive straight past from my window. I even waved. The driver looked at me and kept going. That is not a ‘miss’, that is deliberate. I am now stuck with two weeks worth of recycling and no space. If this happens again I will be taking it further because this is not the service we are paying for."
GeneralInquiry,Hi - I need to know about your bulky waste collection service and availability
MissedCollection,hey why didnt u collect my green bin yesterday?? its stinking now 😷😷
PositiveFeedback,Really impressed.
GeneralInquiry,What time does the collection usually happen on Fridays?
MissedCollection,"Good morning GreenBin, just letting you know our recycling wasn’t collected yesterday on Coleridge Road, Bridgwater. The blue truck came around 08:15, stopped outside, but then reversed and drove off after taking the neighbour’s. Our bin contains only paper, cardboard, and a few rinsed tins; nothing overweight. Could the driver have skipped because of the parked campervan blocking partial access? If so, we’re more than happy to move vehicles next time, but would appreciate a catch-up collection this week please. We’ve a big family birthday party on Saturday and expect even more recyclables. Otherwise we’ll need to drive everything to the centre in Taunton which is quite a trek with two toddlers and work commitments."
GeneralInquiry,Can you explain what plastics are accepted? Numbers confuse me.
MissedCollection,"hiya team, my green bin wasnt emptyd today… i left it out like always at 7am. pls confirm if u can pick up tomorrow or later this week? its starting to overflow 😕"
ServiceComplaint,"Service used to be great, now it’s a mess tbh"
MissedCollection,Why was recycling not collected but rubbish was?
GeneralInquiry,What day is recycling collected on Bank Holidays?
PositiveFeedback,"Five stars, no complaints from me."
ServiceComplaint,Collection crew very noisy at 6:30am this morning. Woke the whole house up. Not acceptable.
MissedCollection,"I am extremely disappointed to be having to write this message, but here we are. Our recycling collection was missed last Friday and there has been no follow-up, no notification, and no attempt to resolve it. I have checked with neighbours on both sides of the street and their bins were also missed, so this is clearly not an individual issue. I appreciate that things can go wrong occasionally, but the complete lack of communication is unacceptable. We are now storing excess recycling in our garage which is not ideal. Please advise when this will be collected and what steps are being taken to prevent repeated failures like this."
DamagedProperty,"Your lorry has left tyre marks all over my driveway and cracked the edge of my garden wall. This happened during today’s collection and it’s very obvious damage that wasn’t there before. I’ve lived here 15 years and never had an issue until now. I don’t appreciate having my property damaged by careless driving. Please explain how GreenBin Recycling handles property damage claims and who will be contacting me. I’ve taken photos and I’m prepared to escalate this if needed, because this repair will not be cheap."
MissedCollection,not collected
MissedCollection,recycling not taken AGAIN 😡 this is the 3rd time this month
MissedCollection,Another missed collection. Third time so far this year!
GeneralInquiry,"Hello, is there a way to change my collection day permanently? Thanks in advance."
ServiceComplaint,"I want to raise a complaint about the overall quality of service lately. Collections are inconsistent, customer support is hard to reach, and when issues are logged, they don’t seem to be followed up properly. I’ve had missed collections, delayed responses, and no clear explanations. I understand there can be staff shortages or vehicle issues, but the lack of communication is what really frustrates me. Even a basic update would help manage expectations. At the moment it feels like residents are left guessing. Please review how customer reports are handled and consider improving response times. I’m not trying to be difficult, just asking for a reliable service."
ServiceComplaint,The noise early in the morning is getting ridiculous.
MissedCollection,Why only my bin again left? Pls respond
ServiceComplaint,Staff were disrespectful and refused to help when I had a legitimate question.  Won't be recommending you
MissedCollection,missed again... third time this month. starting to smell now 🤢
ServiceComplaint,Service delays are unacceptable.
PositiveFeedback,Fantastic work! Your company truly cares about the environment and it shows.
GeneralInquiry,Can you tell me the environmental impact of your services? Looking for information for a school project. Thanks!
ServiceComplaint,Collections are very inconsistent lately and it’s frustrating.
ServiceComplaint,"Poor communication, poor consistency, poor response times. That pretty much sums it up lately."
ServiceComplaint,The collections are very inconsistent lately and customer service is hard to reach.
PositiveFeedback,"team gives updates, very helpful"
ServiceComplaint,why is the app never updated?? says collected but it wasnt
MissedCollection,"Hello, unfortunately our recycling bin was missed on the scheduled collection day again. This is the second consecutive week. Could you please arrange a special collection? We're at 27 Meadow Lane, Bridgwater. Many thanks in advance!"
PositiveFeedback,Our whole street notices how tidy everything is
DamagedProperty,window cracked after rubbish left out
PositiveFeedback,"much better since last year, cheers"
GeneralInquiry,How late do collections run?
DamagedProperty,My wall has a chip after the lorry brushed it.
DamagedProperty,Broken pavement slab caused by heavy vehicle.
ServiceComplaint,why is it so hard to get a straight answer from you guys
DamagedProperty,cracked bin AGAIN
MissedCollection,This is getting silly now. Missed again. Please arrange collection immediately.
ServiceComplaint,Crew ignores posted times
MissedCollection,"I am contacting you because my recycling collection was missed yesterday, despite the bin being placed at the kerbside in good time. I double-checked that the lid was closed properly and that no incorrect items were included. Several houses along the road were also missed, so I assume this was not an individual issue. Could you please confirm whether a return visit is planned? I work from home and noticed the refuse truck passed the entrance to the street without stopping, which was quite frustrating."
MissedCollection,"Bin untouched this week, please can you fix"
DamagedProperty,Your vehicle damaged the kerb outside No. 22 yesterday.
MissedCollection,"bonjour, je suis tres en colere. my recycling bin was not collected again. i live on a normal road, no access issues. this is not the first time and im very unhappy. i follow all instructions and still nothing. i expect a response and a solution, not excuses. this service is causing stress and mess outside my home and its unacceptable."
ServiceComplaint,"Estoy muy decepcionada con el servicio. No hay comunicación y siempre hay problemas. Even though I live in England, this level of service is shocking. Please do better."
MissedCollection,bin not emptied 2 weeks running now. please help asap thanks
DamagedProperty,My recycling bin has a large crack in it and is no longer watertight. Can you replace it please
ServiceComplaint,"Rude driver today, shouted when I asked a question."
MissedCollection,"this system dont work, always missing my pick up on birch ave"
MissedCollection,Our food waste bin hasn’t been emptied for three weeks now. We’ve reported it twice already. What’s going on?
GeneralInquiry,"Do you take old paint tins for recycling? And if yes, do they need to be empty?"
ServiceComplaint,General dissatisfaction with GreenBin Recycling service.
ServiceComplaint,"bin crew never shut the gate, dog wanders off"
PositiveFeedback,"Excellent job, very reliable."
MissedCollection,This isn't the first time the bin has been missed - it's been twice now. Can you explain why?
PositiveFeedback,really happy with greenbin!! always on time and the bins are put back proper. best recycling company in somerset hands down ⭐⭐⭐⭐⭐
DamagedProperty,The truck reversed into our hedge and flattened it.
MissedCollection,"didn’t take bin again, 2nd week"
PositiveFeedback,Big thanks to the driver who helped move my bin back up the drive.
GeneralInquiry,Do you collect mattresses or is that separate?
ServiceComplaint,Why does your driver keep leaving the bin lid open?? everything blows out
MissedCollection,M8 wheres ur truck my bins full 😒
PositiveFeedback,"Got new bin quickly, thanks"
DamagedProperty,The handle on our green bin is snapped off after collection.
DamagedProperty,Collection vehicle hit and damaged our gatepost this week. Wooden post splintered. Need replacement or compensation please.
GeneralInquiry,What's your policy on contamination in recycling bins?
ServiceComplaint,Why is the collection always late? Every week it's 2-3 hours after the scheduled time. Very frustrating.
GeneralInquiry,can you collect old bike?
MissedCollection,"Hi there, just reaching out because my recycling hasn’t been collected for the second time in a row. Could someone assist?"
DamagedProperty,Mailbox battered after pickup
GeneralInquiry,"Just moved in, how do I register for collections?"
MissedCollection,BINS NOT COLLECTED. PLZ SEND TRUCK ASAP!!!!!!!!
PositiveFeedback,"Happy customer here, never had any trouble."
DamagedProperty,My wheelie bin was left broken and unusable.
GeneralInquiry,Which plastics are accepted? I’m getting mixed info.
MissedCollection,"Can someone please explain why GreenBin Recycling thinks it’s acceptable to skip collections without warning? I’ve reported missed collections more times than I can count and nothing changes. The website says one thing, reality is another. I’m not asking for special treatment, I’m asking for the bare minimum. The bin is there, empty it. That’s literally your job."
ServiceComplaint,ur service hlpline SUCKS. waited on hold hours and STILL no answers >:(
GeneralInquiry,Can I recycle polystyrene?
MissedCollection,"no one came for the recycling today 😕 it’s still full outside number 18, been there since 6am"
GeneralInquiry,Do you do garden waste collection?
DamagedProperty,Your lorry reversed into my fence and snapped two panels 😡 need this sorted asap
ServiceComplaint,"I’m sick of getting “educational” contamination stickers that are WRONG. My bin was tagged for “glass in recycling” when I don’t even put glass in there (it goes in the box, as instructed). It honestly feels like the crew slap stickers on randomly to reduce workload. And then I’m the one forced to sort through everything like a detective, even though I already sort properly. I want to know: do you audit sticker use? Do you retrain staff? Or do you just blame customers because it’s easier? I’m in Taunton and this keeps happening. If you’re going to refuse collections, you’d better be accurate, because residents are doing our part and you’re undermining trust."
MissedCollection,no pickup at 53 laurels lane
ServiceComplaint,Your driver reversed into my car this morning while doing the collection. There is a big dent on the bumper now. Registration of my car is WX58 YTR. Something needs to be done about this immediately!!
ServiceComplaint,I filled the bin correctly but it keeps being left with no sticker or explanation. This is getting frustrating.
DamagedProperty,the recycling bin is cracked and leaking. happened during collection
MissedCollection,I forgot to put it out until 7:30 but the truck usually comes at 9. Did I miss them or did they miss me?
DamagedProperty,My plants were crushed after collection yesterday
PositiveFeedback,Smooth service today.
MissedCollection,still full!!! pls help
PositiveFeedback,"Outstanding service, highly professional team, always on schedule. Recommend to everyone!"
ServiceComplaint,"I want to complain about the general attitude of your collection staff. Every time I see them they seem rushed, annoyed, and careless. Last week one of them rolled their eyes at me when I politely asked where to leave the bin. This week they left rubbish spilled all over the pavement. It might seem small to you but it shows a complete lack of respect for residents. We are not asking for special treatment, just basic professionalism. If staff are unhappy or overworked, that is a management issue, not something customers should suffer from."
PositiveFeedback,"Cheers GreenBin team, never had an issue in 5 years 👍"
ServiceComplaint,why has the schedule changed AGAIN? nobody told us.
DamagedProperty,Your lorry scraped along my parked car this morning!! Big scratch down the side!! Blue van reg ending in XYZ. I need this sorted urgently - photos available!!
ServiceComplaint,Bins left blocking my driveway AGAIN. I’ve complained before about this.
PositiveFeedback,No problems at all.
DamagedProperty,Recycling box was thrown back and it hit my car. Small dent near the wheel arch.
DamagedProperty,Property scratched.
DamagedProperty,Your lorry clipped my wing mirror in Bridgwater. I need your insurance details.
MissedCollection,no collection for 2 weeks running now. bin overflowing. please help urgent